"filename", "language", "PHP", "JavaScript", "HTML", "JSON", "CSS", "Markdown", "XML", "Shell Script", "YAML", "Docker", "SQL", "comment", "blank", "total"
"c:\xampp\htdocs\mainProject\db\lms.sql", "SQL", 0, 0, 0, 0, 0, 0, 0, 0, 0, 0, 235, 202, 103, 540
"c:\xampp\htdocs\mainProject\email.html", "HTML", 0, 0, 371, 0, 0, 0, 0, 0, 0, 0, 0, 5, 44, 420
"c:\xampp\htdocs\mainProject\js\addexcel.js", "JavaScript", 0, 29, 0, 0, 0, 0, 0, 0, 0, 0, 0, 0, 9, 38
"c:\xampp\htdocs\mainProject\js\announcement.js", "JavaScript", 0, 22, 0, 0, 0, 0, 0, 0, 0, 0, 0, 1, 3, 26
"c:\xampp\htdocs\mainProject\js\assignment.js", "JavaScript", 0, 99, 0, 0, 0, 0, 0, 0, 0, 0, 0, 6, 22, 127
"c:\xampp\htdocs\mainProject\js\chat.js", "JavaScript", 0, 36, 0, 0, 0, 0, 0, 0, 0, 0, 0, 5, 11, 52
"c:\xampp\htdocs\mainProject\js\class.js", "JavaScript", 0, 92, 0, 0, 0, 0, 0, 0, 0, 0, 0, 0, 26, 118
"c:\xampp\htdocs\mainProject\js\login.js", "JavaScript", 0, 32, 0, 0, 0, 0, 0, 0, 0, 0, 0, 0, 7, 39
"c:\xampp\htdocs\mainProject\js\logout.js", "JavaScript", 0, 14, 0, 0, 0, 0, 0, 0, 0, 0, 0, 0, 1, 15
"c:\xampp\htdocs\mainProject\js\message.js", "JavaScript", 0, 29, 0, 0, 0, 0, 0, 0, 0, 0, 0, 1, 2, 32
"c:\xampp\htdocs\mainProject\js\notes.js", "JavaScript", 0, 89, 0, 0, 0, 0, 0, 0, 0, 0, 0, 6, 25, 120
"c:\xampp\htdocs\mainProject\js\publish.js", "JavaScript", 0, 21, 0, 0, 0, 0, 0, 0, 0, 0, 0, 1, 4, 26
"c:\xampp\htdocs\mainProject\js\question.js", "JavaScript", 0, 116, 0, 0, 0, 0, 0, 0, 0, 0, 0, 6, 30, 152
"c:\xampp\htdocs\mainProject\js\quiz.js", "JavaScript", 0, 110, 0, 0, 0, 0, 0, 0, 0, 0, 0, 5, 26, 141
"c:\xampp\htdocs\mainProject\js\regStudent.js", "JavaScript", 0, 71, 0, 0, 0, 0, 0, 0, 0, 0, 0, 0, 14, 85
"c:\xampp\htdocs\mainProject\js\regTeacher.js", "JavaScript", 0, 49, 0, 0, 0, 0, 0, 0, 0, 0, 0, 0, 10, 59
"c:\xampp\htdocs\mainProject\js\register.js", "JavaScript", 0, 33, 0, 0, 0, 0, 0, 0, 0, 0, 0, 2, 5, 40
"c:\xampp\htdocs\mainProject\js\resources.js", "JavaScript", 0, 63, 0, 0, 0, 0, 0, 0, 0, 0, 0, 3, 16, 82
"c:\xampp\htdocs\mainProject\js\student.js", "JavaScript", 0, 122, 0, 0, 0, 0, 0, 0, 0, 0, 0, 2, 33, 157
"c:\xampp\htdocs\mainProject\js\subject.js", "JavaScript", 0, 82, 0, 0, 0, 0, 0, 0, 0, 0, 0, 0, 22, 104
"c:\xampp\htdocs\mainProject\js\teacher.js", "JavaScript", 0, 94, 0, 0, 0, 0, 0, 0, 0, 0, 0, 3, 29, 126
"c:\xampp\htdocs\mainProject\js\update_profile.js", "JavaScript", 0, 105, 0, 0, 0, 0, 0, 0, 0, 0, 0, 0, 25, 130
"c:\xampp\htdocs\mainProject\js\updatestudent.js", "JavaScript", 0, 38, 0, 0, 0, 0, 0, 0, 0, 0, 0, 0, 3, 41
"c:\xampp\htdocs\mainProject\mail.php", "PHP", 278, 0, 0, 0, 0, 0, 0, 0, 0, 0, 0, 5, 60, 343
"c:\xampp\htdocs\mainProject\pages\admin\a_addmarks.php", "PHP", 257, 0, 0, 0, 0, 0, 0, 0, 0, 0, 0, 1, 29, 287
"c:\xampp\htdocs\mainProject\pages\admin\a_addviaexcel.php", "PHP", 181, 0, 0, 0, 0, 0, 0, 0, 0, 0, 0, 0, 19, 200
"c:\xampp\htdocs\mainProject\pages\admin\a_announcement.php", "PHP", 221, 0, 0, 0, 0, 0, 0, 0, 0, 0, 0, 0, 23, 244
"c:\xampp\htdocs\mainProject\pages\admin\a_assignmentPage.php", "PHP", 298, 0, 0, 0, 0, 0, 0, 0, 0, 0, 0, 0, 37, 335
"c:\xampp\htdocs\mainProject\pages\admin\a_calculateatt.php", "PHP", 377, 0, 0, 0, 0, 0, 0, 0, 0, 0, 0, 0, 40, 417
"c:\xampp\htdocs\mainProject\pages\admin\a_chat.php", "PHP", 260, 0, 0, 0, 0, 0, 0, 0, 0, 0, 0, 14, 48, 322
"c:\xampp\htdocs\mainProject\pages\admin\a_classes.php", "PHP", 486, 0, 0, 0, 0, 0, 0, 0, 0, 0, 0, 0, 45, 531
"c:\xampp\htdocs\mainProject\pages\admin\a_footer.php", "PHP", 27, 0, 0, 0, 0, 0, 0, 0, 0, 0, 0, 0, 5, 32
"c:\xampp\htdocs\mainProject\pages\admin\a_index.php", "PHP", 157, 0, 0, 0, 0, 0, 0, 0, 0, 0, 0, 0, 19, 176
"c:\xampp\htdocs\mainProject\pages\admin\a_markattendance.php", "PHP", 696, 0, 0, 0, 0, 0, 0, 0, 0, 0, 0, 2, 68, 766
"c:\xampp\htdocs\mainProject\pages\admin\a_notes.php", "PHP", 266, 0, 0, 0, 0, 0, 0, 0, 0, 0, 0, 0, 27, 293
"c:\xampp\htdocs\mainProject\pages\admin\a_profile.php", "PHP", 313, 0, 0, 0, 0, 0, 0, 0, 0, 0, 0, 0, 16, 329
"c:\xampp\htdocs\mainProject\pages\admin\a_profileedit.php", "PHP", 193, 0, 0, 0, 0, 0, 0, 0, 0, 0, 0, 0, 17, 210
"c:\xampp\htdocs\mainProject\pages\admin\a_questions.php", "PHP", 325, 0, 0, 0, 0, 0, 0, 0, 0, 0, 0, 0, 29, 354
"c:\xampp\htdocs\mainProject\pages\admin\a_resources.php", "PHP", 240, 0, 0, 0, 0, 0, 0, 0, 0, 0, 0, 0, 23, 263
"c:\xampp\htdocs\mainProject\pages\admin\a_student.php", "PHP", 314, 0, 0, 0, 0, 0, 0, 0, 0, 0, 0, 1, 23, 338
"c:\xampp\htdocs\mainProject\pages\admin\a_teacher.php", "PHP", 293, 0, 0, 0, 0, 0, 0, 0, 0, 0, 0, 2, 20, 315
"c:\xampp\htdocs\mainProject\pages\admin\a_viewAssignment.php", "PHP", 328, 0, 0, 0, 0, 0, 0, 0, 0, 0, 0, 0, 28, 356
"c:\xampp\htdocs\mainProject\pages\admin\a_viewQuiz.php", "PHP", 296, 0, 0, 0, 0, 0, 0, 0, 0, 0, 0, 0, 28, 324
"c:\xampp\htdocs\mainProject\pages\admin\a_viewanswers.php", "PHP", 244, 0, 0, 0, 0, 0, 0, 0, 0, 0, 0, 0, 23, 267
"c:\xampp\htdocs\mainProject\pages\admin\a_viewattendanceBD.php", "PHP", 593, 0, 0, 0, 0, 0, 0, 0, 0, 0, 0, 2, 56, 651
"c:\xampp\htdocs\mainProject\pages\admin\a_viewbyrank.php", "PHP", 193, 0, 0, 0, 0, 0, 0, 0, 0, 0, 0, 0, 25, 218
"c:\xampp\htdocs\mainProject\pages\admin\assets\bundles\c3.bundle.js", "JavaScript", 0, 7, 0, 0, 0, 0, 0, 0, 0, 0, 0, 4, 0, 11
"c:\xampp\htdocs\mainProject\pages\admin\assets\bundles\countTo.bundle.js", "JavaScript", 0, 1, 0, 0, 0, 0, 0, 0, 0, 0, 0, 0, 0, 1
"c:\xampp\htdocs\mainProject\pages\admin\assets\bundles\datatablescripts.bundle.js", "JavaScript", 0, 3, 0, 0, 0, 0, 0, 0, 0, 0, 0, 0, 0, 3
"c:\xampp\htdocs\mainProject\pages\admin\assets\bundles\flotscripts.bundle.js", "JavaScript", 0, 2, 0, 0, 0, 0, 0, 0, 0, 0, 0, 0, 0, 2
"c:\xampp\htdocs\mainProject\pages\admin\assets\bundles\footable.bundle.js", "JavaScript", 0, 3, 0, 0, 0, 0, 0, 0, 0, 0, 0, 0, 0, 3
"c:\xampp\htdocs\mainProject\pages\admin\assets\bundles\fullcalendarscripts.bundle.js", "JavaScript", 0, 9, 0, 0, 0, 0, 0, 0, 0, 0, 0, 0, 0, 9
"c:\xampp\htdocs\mainProject\pages\admin\assets\bundles\jvectormap.bundle.js", "JavaScript", 0, 5, 0, 0, 0, 0, 0, 0, 0, 0, 0, 0, 0, 5
"c:\xampp\htdocs\mainProject\pages\admin\assets\bundles\knob.bundle.js", "JavaScript", 0, 1, 0, 0, 0, 0, 0, 0, 0, 0, 0, 0, 0, 1
"c:\xampp\htdocs\mainProject\pages\admin\assets\bundles\libscripts.bundle.js", "JavaScript", 0, 5, 0, 0, 0, 0, 0, 0, 0, 0, 0, 0, 0, 5
"c:\xampp\htdocs\mainProject\pages\admin\assets\bundles\mainscripts.bundle.js", "JavaScript", 0, 1, 0, 0, 0, 0, 0, 0, 0, 0, 0, 0, 0, 1
"c:\xampp\htdocs\mainProject\pages\admin\assets\bundles\morrisscripts.bundle.js", "JavaScript", 0, 5, 0, 0, 0, 0, 0, 0, 0, 0, 0, 0, 0, 5
"c:\xampp\htdocs\mainProject\pages\admin\assets\bundles\sparkline.bundle.js", "JavaScript", 0, 2, 0, 0, 0, 0, 0, 0, 0, 0, 0, 0, 0, 2
"c:\xampp\htdocs\mainProject\pages\admin\assets\bundles\vendorscripts.bundle.js", "JavaScript", 0, 2, 0, 0, 0, 0, 0, 0, 0, 0, 0, 0, 0, 2
"c:\xampp\htdocs\mainProject\pages\admin\assets\css\style.min.css", "CSS", 0, 0, 0, 0, 1, 0, 0, 0, 0, 0, 0, 0, 1, 2
"c:\xampp\htdocs\mainProject\pages\admin\assets\css\weather-icons.min.css", "CSS", 0, 0, 0, 0, 2, 0, 0, 0, 0, 0, 0, 39, 0, 41
"c:\xampp\htdocs\mainProject\pages\admin\assets\fonts\themify9f24.svg", "XML", 0, 0, 0, 0, 0, 0, 362, 0, 0, 0, 0, 0, 0, 362
"c:\xampp\htdocs\mainProject\pages\admin\assets\fonts\weathericons-regular-webfont.svg", "XML", 0, 0, 0, 0, 0, 0, 257, 0, 0, 0, 0, 0, 0, 257
"c:\xampp\htdocs\mainProject\pages\admin\assets\images\404.svg", "XML", 0, 0, 0, 0, 0, 0, 260, 0, 0, 0, 0, 1, 1, 262
"c:\xampp\htdocs\mainProject\pages\admin\assets\images\loader.svg", "XML", 0, 0, 0, 0, 0, 0, 16, 0, 0, 0, 0, 1, 1, 18
"c:\xampp\htdocs\mainProject\pages\admin\assets\images\logo.svg", "XML", 0, 0, 0, 0, 0, 0, 18, 0, 0, 0, 0, 1, 1, 20
"c:\xampp\htdocs\mainProject\pages\admin\assets\images\maintanance.svg", "XML", 0, 0, 0, 0, 0, 0, 393, 0, 0, 0, 0, 1, 2, 396
"c:\xampp\htdocs\mainProject\pages\admin\assets\images\signin.svg", "XML", 0, 0, 0, 0, 0, 0, 217, 0, 0, 0, 0, 1, 2, 220
"c:\xampp\htdocs\mainProject\pages\admin\assets\images\signup.svg", "XML", 0, 0, 0, 0, 0, 0, 414, 0, 0, 0, 0, 1, 18, 433
"c:\xampp\htdocs\mainProject\pages\admin\assets\js\pages\blog\blog.js", "JavaScript", 0, 150, 0, 0, 0, 0, 0, 0, 0, 0, 0, 5, 3, 158
"c:\xampp\htdocs\mainProject\pages\admin\assets\js\pages\calendar\calendar.js", "JavaScript", 0, 104, 0, 0, 0, 0, 0, 0, 0, 0, 0, 18, 141, 263
"c:\xampp\htdocs\mainProject\pages\admin\assets\js\pages\charts\c3.js", "JavaScript", 0, 569, 0, 0, 0, 0, 0, 0, 0, 0, 0, 46, 0, 615
"c:\xampp\htdocs\mainProject\pages\admin\assets\js\pages\charts\chartjs.js", "JavaScript", 0, 247, 0, 0, 0, 0, 0, 0, 0, 0, 0, 1, 13, 261
"c:\xampp\htdocs\mainProject\pages\admin\assets\js\pages\charts\flot.js", "JavaScript", 0, 1364, 0, 0, 0, 0, 0, 0, 0, 0, 0, 29, 47, 1440
"c:\xampp\htdocs\mainProject\pages\admin\assets\js\pages\charts\jquery-knob.js", "JavaScript", 0, 38, 0, 0, 0, 0, 0, 0, 0, 0, 0, 1, 7, 46
"c:\xampp\htdocs\mainProject\pages\admin\assets\js\pages\charts\jquery-knob.min.js", "JavaScript", 0, 1, 0, 0, 0, 0, 0, 0, 0, 0, 0, 0, 0, 1
"c:\xampp\htdocs\mainProject\pages\admin\assets\js\pages\charts\morris.js", "JavaScript", 0, 277, 0, 0, 0, 0, 0, 0, 0, 0, 0, 5, 9, 291
"c:\xampp\htdocs\mainProject\pages\admin\assets\js\pages\charts\polar_area_chart.js", "JavaScript", 0, 57, 0, 0, 0, 0, 0, 0, 0, 0, 0, 0, 2, 59
"c:\xampp\htdocs\mainProject\pages\admin\assets\js\pages\charts\sparkline.js", "JavaScript", 0, 150, 0, 0, 0, 0, 0, 0, 0, 0, 0, 24, 23, 197
"c:\xampp\htdocs\mainProject\pages\admin\assets\js\pages\ecommerce.js", "JavaScript", 0, 147, 0, 0, 0, 0, 0, 0, 0, 0, 0, 6, 11, 164
"c:\xampp\htdocs\mainProject\pages\admin\assets\js\pages\forms\advanced-form-elements.js", "JavaScript", 0, 83, 0, 0, 0, 0, 0, 0, 0, 0, 0, 18, 17, 118
"c:\xampp\htdocs\mainProject\pages\admin\assets\js\pages\forms\basic-form-elements.js", "JavaScript", 0, 18, 0, 0, 0, 0, 0, 0, 0, 0, 0, 1, 2, 21
"c:\xampp\htdocs\mainProject\pages\admin\assets\js\pages\forms\dropify.js", "JavaScript", 0, 19, 0, 0, 0, 0, 0, 0, 0, 0, 0, 0, 3, 22
"c:\xampp\htdocs\mainProject\pages\admin\assets\js\pages\forms\editors.js", "JavaScript", 0, 4, 0, 0, 0, 0, 0, 0, 0, 0, 0, 1, 1, 6
"c:\xampp\htdocs\mainProject\pages\admin\assets\js\pages\forms\form-validation.js", "JavaScript", 0, 50, 0, 0, 0, 0, 0, 0, 0, 0, 0, 5, 3, 58
"c:\xampp\htdocs\mainProject\pages\admin\assets\js\pages\forms\form-wizard.js", "JavaScript", 0, 77, 0, 0, 0, 0, 0, 0, 0, 0, 0, 5, 8, 90
"c:\xampp\htdocs\mainProject\pages\admin\assets\js\pages\index.js", "JavaScript", 0, 194, 0, 0, 0, 0, 0, 0, 0, 0, 0, 14, 9, 217
"c:\xampp\htdocs\mainProject\pages\admin\assets\js\pages\maps\google.js", "JavaScript", 0, 81, 0, 0, 0, 0, 0, 0, 0, 0, 0, 7, 10, 98
"c:\xampp\htdocs\mainProject\pages\admin\assets\js\pages\maps\jvectormap.js", "JavaScript", 0, 79, 0, 0, 0, 0, 0, 0, 0, 0, 0, 0, 5, 84
"c:\xampp\htdocs\mainProject\pages\admin\assets\js\pages\medias\image-gallery.js", "JavaScript", 0, 6, 0, 0, 0, 0, 0, 0, 0, 0, 0, 0, 0, 6
"c:\xampp\htdocs\mainProject\pages\admin\assets\js\pages\tables\editable-table.js", "JavaScript", 0, 3, 0, 0, 0, 0, 0, 0, 0, 0, 0, 0, 0, 3
"c:\xampp\htdocs\mainProject\pages\admin\assets\js\pages\tables\footable.js", "JavaScript", 0, 1, 0, 0, 0, 0, 0, 0, 0, 0, 0, 0, 0, 1
"c:\xampp\htdocs\mainProject\pages\admin\assets\js\pages\tables\jquery-datatable.js", "JavaScript", 0, 9, 0, 0, 0, 0, 0, 0, 0, 0, 0, 1, 1, 11
"c:\xampp\htdocs\mainProject\pages\admin\assets\js\pages\ticket-page.js", "JavaScript", 0, 37, 0, 0, 0, 0, 0, 0, 0, 0, 0, 2, 0, 39
"c:\xampp\htdocs\mainProject\pages\admin\assets\js\pages\todo-js.js", "JavaScript", 0, 45, 0, 0, 0, 0, 0, 0, 0, 0, 0, 0, 15, 60
"c:\xampp\htdocs\mainProject\pages\admin\assets\js\pages\ui\notifications.js", "JavaScript", 0, 44, 0, 0, 0, 0, 0, 0, 0, 0, 0, 0, 3, 47
"c:\xampp\htdocs\mainProject\pages\admin\assets\js\pages\ui\range-sliders.js", "JavaScript", 0, 80, 0, 0, 0, 0, 0, 0, 0, 0, 0, 1, 12, 93
"c:\xampp\htdocs\mainProject\pages\admin\assets\js\pages\ui\sortable-nestable.js", "JavaScript", 0, 8, 0, 0, 0, 0, 0, 0, 0, 0, 0, 0, 2, 10
"c:\xampp\htdocs\mainProject\pages\admin\assets\js\pages\ui\sweetalert.js", "JavaScript", 0, 166, 0, 0, 0, 0, 0, 0, 0, 0, 0, 1, 12, 179
"c:\xampp\htdocs\mainProject\pages\admin\assets\js\pages\widgets\infobox\infobox-1.js", "JavaScript", 0, 34, 0, 0, 0, 0, 0, 0, 0, 0, 0, 5, 4, 43
"c:\xampp\htdocs\mainProject\pages\admin\assets\plugins\bootstrap-colorpicker\css\bootstrap-colorpicker.css", "CSS", 0, 0, 0, 0, 212, 0, 0, 0, 0, 0, 0, 10, 0, 222
"c:\xampp\htdocs\mainProject\pages\admin\assets\plugins\bootstrap-colorpicker\js\bootstrap-colorpicker.js", "JavaScript", 0, 1023, 0, 0, 0, 0, 0, 0, 0, 0, 0, 50, 34, 1107
"c:\xampp\htdocs\mainProject\pages\admin\assets\plugins\bootstrap-material-datetimepicker\css\bootstrap-material-datetimepicker.css", "CSS", 0, 0, 0, 0, 38, 0, 0, 0, 0, 0, 0, 0, 12, 50
"c:\xampp\htdocs\mainProject\pages\admin\assets\plugins\bootstrap-material-datetimepicker\js\bootstrap-material-datetimepicker.js", "JavaScript", 0, 1033, 0, 0, 0, 0, 0, 0, 0, 0, 0, 0, 145, 1178
"c:\xampp\htdocs\mainProject\pages\admin\assets\plugins\bootstrap-notify\bootstrap-notify.js", "JavaScript", 0, 317, 0, 0, 0, 0, 0, 0, 0, 0, 0, 12, 25, 354
"c:\xampp\htdocs\mainProject\pages\admin\assets\plugins\bootstrap-select\css\bootstrap-select.css", "CSS", 0, 0, 0, 0, 291, 0, 0, 0, 0, 0, 0, 8, 1, 300
"c:\xampp\htdocs\mainProject\pages\admin\assets\plugins\bootstrap-tagsinput\bootstrap-tagsinput.css", "CSS", 0, 0, 0, 0, 54, 0, 0, 0, 0, 0, 0, 0, 1, 55
"c:\xampp\htdocs\mainProject\pages\admin\assets\plugins\bootstrap-tagsinput\bootstrap-tagsinput.js", "JavaScript", 0, 455, 0, 0, 0, 0, 0, 0, 0, 0, 0, 113, 96, 664
"c:\xampp\htdocs\mainProject\pages\admin\assets\plugins\bootstrap\css\bootstrap.min.css", "CSS", 0, 0, 0, 0, 1, 0, 0, 0, 0, 0, 0, 6, 0, 7
"c:\xampp\htdocs\mainProject\pages\admin\assets\plugins\chartjs\Chart.bundle.js", "JavaScript", 0, 13616, 0, 0, 0, 0, 0, 0, 0, 0, 0, 2466, 2881, 18963
"c:\xampp\htdocs\mainProject\pages\admin\assets\plugins\chartjs\polar_area_chart.js", "JavaScript", 0, 119, 0, 0, 0, 0, 0, 0, 0, 0, 0, 6, 22, 147
"c:\xampp\htdocs\mainProject\pages\admin\assets\plugins\charts-c3\plugin.css", "CSS", 0, 0, 0, 0, 169, 0, 0, 0, 0, 0, 0, 17, 42, 228
"c:\xampp\htdocs\mainProject\pages\admin\assets\plugins\ckeditor\ckeditor.js", "JavaScript", 0, 995, 0, 0, 0, 0, 0, 0, 0, 0, 0, 4, 0, 999
"c:\xampp\htdocs\mainProject\pages\admin\assets\plugins\dropify\css\dropify.min.css", "CSS", 0, 0, 0, 0, 2, 0, 0, 0, 0, 0, 0, 6, 0, 8
"c:\xampp\htdocs\mainProject\pages\admin\assets\plugins\dropify\fonts\dropify.svg", "XML", 0, 0, 0, 0, 0, 0, 13, 0, 0, 0, 0, 0, 0, 13
"c:\xampp\htdocs\mainProject\pages\admin\assets\plugins\dropify\js\dropify.min.js", "JavaScript", 0, 1, 0, 0, 0, 0, 0, 0, 0, 0, 0, 8, 1, 10
"c:\xampp\htdocs\mainProject\pages\admin\assets\plugins\dropzone\dropzone.js", "JavaScript", 0, 1598, 0, 0, 0, 0, 0, 0, 0, 0, 0, 59, 111, 1768
"c:\xampp\htdocs\mainProject\pages\admin\assets\plugins\editable-table\mindmup-editabletable.js", "JavaScript", 0, 126, 0, 0, 0, 0, 0, 0, 0, 0, 0, 1, 5, 132
"c:\xampp\htdocs\mainProject\pages\admin\assets\plugins\footable-bootstrap\css\footable.bootstrap.min.css", "CSS", 0, 0, 0, 0, 1, 0, 0, 0, 0, 0, 0, 0, 0, 1
"c:\xampp\htdocs\mainProject\pages\admin\assets\plugins\footable-bootstrap\css\footable.standalone.min.css", "CSS", 0, 0, 0, 0, 726, 0, 0, 0, 0, 0, 0, 0, 114, 840
"c:\xampp\htdocs\mainProject\pages\admin\assets\plugins\fullcalendar\fullcalendar.min.css", "CSS", 0, 0, 0, 0, 1, 0, 0, 0, 0, 0, 0, 4, 2, 7
"c:\xampp\htdocs\mainProject\pages\admin\assets\plugins\gmaps\gmaps.js", "JavaScript", 0, 1798, 0, 0, 0, 0, 0, 0, 0, 0, 0, 174, 438, 2410
"c:\xampp\htdocs\mainProject\pages\admin\assets\plugins\ion-rangeslider\css\ion.rangeSlider.css", "CSS", 0, 0, 0, 0, 670, 0, 0, 0, 0, 0, 0, 5, 1, 676
"c:\xampp\htdocs\mainProject\pages\admin\assets\plugins\ion-rangeslider\js\ion.rangeSlider.js", "JavaScript", 0, 1741, 0, 0, 0, 0, 0, 0, 0, 0, 0, 214, 495, 2450
"c:\xampp\htdocs\mainProject\pages\admin\assets\plugins\jquery-datatable\buttons\buttons.bootstrap4.min.js", "JavaScript", 0, 2, 0, 0, 0, 0, 0, 0, 0, 0, 0, 4, 1, 7
"c:\xampp\htdocs\mainProject\pages\admin\assets\plugins\jquery-datatable\buttons\buttons.colVis.min.js", "JavaScript", 0, 6, 0, 0, 0, 0, 0, 0, 0, 0, 0, 0, 1, 7
"c:\xampp\htdocs\mainProject\pages\admin\assets\plugins\jquery-datatable\buttons\buttons.flash.min.js", "JavaScript", 0, 32, 0, 0, 0, 0, 0, 0, 0, 0, 0, 0, 1, 33
"c:\xampp\htdocs\mainProject\pages\admin\assets\plugins\jquery-datatable\buttons\buttons.html5.min.js", "JavaScript", 0, 27, 0, 0, 0, 0, 0, 0, 0, 0, 0, 0, 1, 28
"c:\xampp\htdocs\mainProject\pages\admin\assets\plugins\jquery-datatable\buttons\buttons.print.min.js", "JavaScript", 0, 4, 0, 0, 0, 0, 0, 0, 0, 0, 0, 0, 1, 5
"c:\xampp\htdocs\mainProject\pages\admin\assets\plugins\jquery-datatable\buttons\dataTables.buttons.min.js", "JavaScript", 0, 34, 0, 0, 0, 0, 0, 0, 0, 0, 0, 4, 1, 39
"c:\xampp\htdocs\mainProject\pages\admin\assets\plugins\jquery-datatable\dataTables.bootstrap4.min.css", "CSS", 0, 0, 0, 0, 1, 0, 0, 0, 0, 0, 0, 0, 1, 2
"c:\xampp\htdocs\mainProject\pages\admin\assets\plugins\jquery-inputmask\jquery.inputmask.bundle.js", "JavaScript", 0, 2581, 0, 0, 0, 0, 0, 0, 0, 0, 0, 7, 29, 2617
"c:\xampp\htdocs\mainProject\pages\admin\assets\plugins\jquery-knob\jquery.knob.min.js", "JavaScript", 0, 1, 0, 0, 0, 0, 0, 0, 0, 0, 0, 0, 0, 1
"c:\xampp\htdocs\mainProject\pages\admin\assets\plugins\jquery-sparkline\jquery.sparkline.js", "JavaScript", 0, 2454, 0, 0, 0, 0, 0, 0, 0, 0, 0, 350, 260, 3064
"c:\xampp\htdocs\mainProject\pages\admin\assets\plugins\jquery-spinner\css\bootstrap-spinner.css", "CSS", 0, 0, 0, 0, 60, 0, 0, 0, 0, 0, 0, 1, 0, 61
"c:\xampp\htdocs\mainProject\pages\admin\assets\plugins\jquery-spinner\js\jquery.spinner.js", "JavaScript", 0, 198, 0, 0, 0, 0, 0, 0, 0, 0, 0, 12, 45, 255
"c:\xampp\htdocs\mainProject\pages\admin\assets\plugins\jquery-steps\jquery.steps.css", "CSS", 0, 0, 0, 0, 313, 0, 0, 0, 0, 0, 0, 10, 59, 382
"c:\xampp\htdocs\mainProject\pages\admin\assets\plugins\jquery-steps\jquery.steps.js", "JavaScript", 0, 868, 0, 0, 0, 0, 0, 0, 0, 0, 0, 942, 232, 2042
"c:\xampp\htdocs\mainProject\pages\admin\assets\plugins\jquery-validation\jquery.validate.js", "JavaScript", 0, 1173, 0, 0, 0, 0, 0, 0, 0, 0, 0, 173, 228, 1574
"c:\xampp\htdocs\mainProject\pages\admin\assets\plugins\jvectormap\jquery-jvectormap-2.0.3.css", "CSS", 0, 0, 0, 0, 113, 0, 0, 0, 0, 0, 0, 0, 22, 135
"c:\xampp\htdocs\mainProject\pages\admin\assets\plugins\jvectormap\jquery-jvectormap-2.0.3.min.css", "CSS", 0, 0, 0, 0, 23, 0, 0, 0, 0, 0, 0, 0, 0, 23
"c:\xampp\htdocs\mainProject\pages\admin\assets\plugins\jvectormap\jquery-jvectormap-au-mill.js", "JavaScript", 0, 1, 0, 0, 0, 0, 0, 0, 0, 0, 0, 0, 0, 1
"c:\xampp\htdocs\mainProject\pages\admin\assets\plugins\jvectormap\jquery-jvectormap-in-mill.js", "JavaScript", 0, 1, 0, 0, 0, 0, 0, 0, 0, 0, 0, 0, 0, 1
"c:\xampp\htdocs\mainProject\pages\admin\assets\plugins\jvectormap\jquery-jvectormap-uk-mill-en.js", "JavaScript", 0, 1, 0, 0, 0, 0, 0, 0, 0, 0, 0, 0, 0, 1
"c:\xampp\htdocs\mainProject\pages\admin\assets\plugins\jvectormap\jquery-jvectormap-us-aea-en.js", "JavaScript", 0, 1, 0, 0, 0, 0, 0, 0, 0, 0, 0, 0, 0, 1
"c:\xampp\htdocs\mainProject\pages\admin\assets\plugins\jvectormap\jquery-jvectormap-world-mill-en.js", "JavaScript", 0, 1, 0, 0, 0, 0, 0, 0, 0, 0, 0, 0, 0, 1
"c:\xampp\htdocs\mainProject\pages\admin\assets\plugins\light-gallery\css\lightgallery.css", "CSS", 0, 0, 0, 0, 816, 0, 0, 0, 0, 0, 0, 5, 26, 847
"c:\xampp\htdocs\mainProject\pages\admin\assets\plugins\light-gallery\fonts\lgd641.svg", "XML", 0, 0, 0, 0, 0, 0, 42, 0, 0, 0, 0, 0, 0, 42
"c:\xampp\htdocs\mainProject\pages\admin\assets\plugins\light-gallery\js\lightgallery-all.min.js", "JavaScript", 0, 2, 0, 0, 0, 0, 0, 0, 0, 0, 0, 3, 0, 5
"c:\xampp\htdocs\mainProject\pages\admin\assets\plugins\momentjs\moment.js", "JavaScript", 0, 3163, 0, 0, 0, 0, 0, 0, 0, 0, 0, 335, 697, 4195
"c:\xampp\htdocs\mainProject\pages\admin\assets\plugins\morrisjs\morris.css", "CSS", 0, 0, 0, 0, 2, 0, 0, 0, 0, 0, 0, 0, 1, 3
"c:\xampp\htdocs\mainProject\pages\admin\assets\plugins\morrisjs\morris.min.css", "CSS", 0, 0, 0, 0, 5, 0, 0, 0, 0, 0, 0, 0, 0, 5
"c:\xampp\htdocs\mainProject\pages\admin\assets\plugins\multi-select\css\multi-select.css", "CSS", 0, 0, 0, 0, 83, 0, 0, 0, 0, 0, 0, 0, 10, 93
"c:\xampp\htdocs\mainProject\pages\admin\assets\plugins\multi-select\js\jquery.multi-select.js", "JavaScript", 0, 441, 0, 0, 0, 0, 0, 0, 0, 0, 0, 14, 82, 537
"c:\xampp\htdocs\mainProject\pages\admin\assets\plugins\nestable\jquery.nestable.js", "JavaScript", 0, 393, 0, 0, 0, 0, 0, 0, 0, 0, 0, 38, 54, 485
"c:\xampp\htdocs\mainProject\pages\admin\assets\plugins\nouislider\nouislider.js", "JavaScript", 0, 1183, 0, 0, 0, 0, 0, 0, 0, 0, 0, 324, 452, 1959
"c:\xampp\htdocs\mainProject\pages\admin\assets\plugins\nouislider\nouislider.min.css", "CSS", 0, 0, 0, 0, 1, 0, 0, 0, 0, 0, 0, 1, 2, 4
"c:\xampp\htdocs\mainProject\pages\admin\assets\plugins\select2\select2.css", "CSS", 0, 0, 0, 0, 552, 0, 0, 0, 0, 0, 0, 18, 123, 693
"c:\xampp\htdocs\mainProject\pages\admin\assets\plugins\select2\select2.min.js", "JavaScript", 0, 3, 0, 0, 0, 0, 0, 0, 0, 0, 0, 20, 0, 23
"c:\xampp\htdocs\mainProject\pages\admin\assets\plugins\summernote\dist\summernote.css", "CSS", 0, 0, 0, 0, 525, 0, 0, 0, 0, 0, 0, 0, 119, 644
"c:\xampp\htdocs\mainProject\pages\admin\assets\plugins\summernote\dist\summernote.js", "JavaScript", 0, 3259, 0, 0, 0, 0, 0, 0, 0, 0, 0, 95, 2, 3356
"c:\xampp\htdocs\mainProject\pages\admin\assets\plugins\sweetalert\sweetalert.css", "CSS", 0, 0, 0, 0, 845, 0, 0, 0, 0, 0, 0, 18, 70, 933
"c:\xampp\htdocs\mainProject\pages\admin\assets\plugins\sweetalert\sweetalert.min.js", "JavaScript", 0, 1, 0, 0, 0, 0, 0, 0, 0, 0, 0, 0, 0, 1
"c:\xampp\htdocs\mainProject\pages\admin\viewSubject.php", "PHP", 338, 0, 0, 0, 0, 0, 0, 0, 0, 0, 0, 0, 32, 370
"c:\xampp\htdocs\mainProject\pages\assets\bundles\c3.bundle.js", "JavaScript", 0, 7, 0, 0, 0, 0, 0, 0, 0, 0, 0, 4, 0, 11
"c:\xampp\htdocs\mainProject\pages\assets\bundles\countTo.bundle.js", "JavaScript", 0, 1, 0, 0, 0, 0, 0, 0, 0, 0, 0, 0, 0, 1
"c:\xampp\htdocs\mainProject\pages\assets\bundles\datatablescripts.bundle.js", "JavaScript", 0, 3, 0, 0, 0, 0, 0, 0, 0, 0, 0, 0, 0, 3
"c:\xampp\htdocs\mainProject\pages\assets\bundles\flotscripts.bundle.js", "JavaScript", 0, 2, 0, 0, 0, 0, 0, 0, 0, 0, 0, 0, 0, 2
"c:\xampp\htdocs\mainProject\pages\assets\bundles\footable.bundle.js", "JavaScript", 0, 3, 0, 0, 0, 0, 0, 0, 0, 0, 0, 0, 0, 3
"c:\xampp\htdocs\mainProject\pages\assets\bundles\fullcalendarscripts.bundle.js", "JavaScript", 0, 9, 0, 0, 0, 0, 0, 0, 0, 0, 0, 0, 0, 9
"c:\xampp\htdocs\mainProject\pages\assets\bundles\jvectormap.bundle.js", "JavaScript", 0, 5, 0, 0, 0, 0, 0, 0, 0, 0, 0, 0, 0, 5
"c:\xampp\htdocs\mainProject\pages\assets\bundles\knob.bundle.js", "JavaScript", 0, 1, 0, 0, 0, 0, 0, 0, 0, 0, 0, 0, 0, 1
"c:\xampp\htdocs\mainProject\pages\assets\bundles\libscripts.bundle.js", "JavaScript", 0, 5, 0, 0, 0, 0, 0, 0, 0, 0, 0, 0, 0, 5
"c:\xampp\htdocs\mainProject\pages\assets\bundles\mainscripts.bundle.js", "JavaScript", 0, 1, 0, 0, 0, 0, 0, 0, 0, 0, 0, 0, 0, 1
"c:\xampp\htdocs\mainProject\pages\assets\bundles\morrisscripts.bundle.js", "JavaScript", 0, 5, 0, 0, 0, 0, 0, 0, 0, 0, 0, 0, 0, 5
"c:\xampp\htdocs\mainProject\pages\assets\bundles\sparkline.bundle.js", "JavaScript", 0, 2, 0, 0, 0, 0, 0, 0, 0, 0, 0, 0, 0, 2
"c:\xampp\htdocs\mainProject\pages\assets\bundles\vendorscripts.bundle.js", "JavaScript", 0, 2, 0, 0, 0, 0, 0, 0, 0, 0, 0, 0, 0, 2
"c:\xampp\htdocs\mainProject\pages\assets\css\style.min.css", "CSS", 0, 0, 0, 0, 1, 0, 0, 0, 0, 0, 0, 0, 1, 2
"c:\xampp\htdocs\mainProject\pages\assets\css\weather-icons.min.css", "CSS", 0, 0, 0, 0, 2, 0, 0, 0, 0, 0, 0, 39, 0, 41
"c:\xampp\htdocs\mainProject\pages\assets\fonts\themify9f24.svg", "XML", 0, 0, 0, 0, 0, 0, 362, 0, 0, 0, 0, 0, 0, 362
"c:\xampp\htdocs\mainProject\pages\assets\fonts\weathericons-regular-webfont.svg", "XML", 0, 0, 0, 0, 0, 0, 257, 0, 0, 0, 0, 0, 0, 257
"c:\xampp\htdocs\mainProject\pages\assets\images\404.svg", "XML", 0, 0, 0, 0, 0, 0, 260, 0, 0, 0, 0, 1, 1, 262
"c:\xampp\htdocs\mainProject\pages\assets\images\loader.svg", "XML", 0, 0, 0, 0, 0, 0, 16, 0, 0, 0, 0, 1, 1, 18
"c:\xampp\htdocs\mainProject\pages\assets\images\logo.svg", "XML", 0, 0, 0, 0, 0, 0, 18, 0, 0, 0, 0, 1, 1, 20
"c:\xampp\htdocs\mainProject\pages\assets\images\maintanance.svg", "XML", 0, 0, 0, 0, 0, 0, 393, 0, 0, 0, 0, 1, 2, 396
"c:\xampp\htdocs\mainProject\pages\assets\images\signin.svg", "XML", 0, 0, 0, 0, 0, 0, 217, 0, 0, 0, 0, 1, 2, 220
"c:\xampp\htdocs\mainProject\pages\assets\images\signup.svg", "XML", 0, 0, 0, 0, 0, 0, 414, 0, 0, 0, 0, 1, 18, 433
"c:\xampp\htdocs\mainProject\pages\assets\js\pages\blog\blog.js", "JavaScript", 0, 150, 0, 0, 0, 0, 0, 0, 0, 0, 0, 5, 3, 158
"c:\xampp\htdocs\mainProject\pages\assets\js\pages\calendar\calendar.js", "JavaScript", 0, 104, 0, 0, 0, 0, 0, 0, 0, 0, 0, 18, 141, 263
"c:\xampp\htdocs\mainProject\pages\assets\js\pages\charts\c3.js", "JavaScript", 0, 569, 0, 0, 0, 0, 0, 0, 0, 0, 0, 46, 0, 615
"c:\xampp\htdocs\mainProject\pages\assets\js\pages\charts\chartjs.js", "JavaScript", 0, 247, 0, 0, 0, 0, 0, 0, 0, 0, 0, 1, 13, 261
"c:\xampp\htdocs\mainProject\pages\assets\js\pages\charts\flot.js", "JavaScript", 0, 1364, 0, 0, 0, 0, 0, 0, 0, 0, 0, 29, 47, 1440
"c:\xampp\htdocs\mainProject\pages\assets\js\pages\charts\jquery-knob.js", "JavaScript", 0, 38, 0, 0, 0, 0, 0, 0, 0, 0, 0, 1, 7, 46
"c:\xampp\htdocs\mainProject\pages\assets\js\pages\charts\jquery-knob.min.js", "JavaScript", 0, 1, 0, 0, 0, 0, 0, 0, 0, 0, 0, 0, 0, 1
"c:\xampp\htdocs\mainProject\pages\assets\js\pages\charts\morris.js", "JavaScript", 0, 277, 0, 0, 0, 0, 0, 0, 0, 0, 0, 5, 9, 291
"c:\xampp\htdocs\mainProject\pages\assets\js\pages\charts\polar_area_chart.js", "JavaScript", 0, 57, 0, 0, 0, 0, 0, 0, 0, 0, 0, 0, 2, 59
"c:\xampp\htdocs\mainProject\pages\assets\js\pages\charts\sparkline.js", "JavaScript", 0, 150, 0, 0, 0, 0, 0, 0, 0, 0, 0, 24, 23, 197
"c:\xampp\htdocs\mainProject\pages\assets\js\pages\ecommerce.js", "JavaScript", 0, 147, 0, 0, 0, 0, 0, 0, 0, 0, 0, 6, 11, 164
"c:\xampp\htdocs\mainProject\pages\assets\js\pages\forms\advanced-form-elements.js", "JavaScript", 0, 83, 0, 0, 0, 0, 0, 0, 0, 0, 0, 18, 17, 118
"c:\xampp\htdocs\mainProject\pages\assets\js\pages\forms\basic-form-elements.js", "JavaScript", 0, 18, 0, 0, 0, 0, 0, 0, 0, 0, 0, 1, 2, 21
"c:\xampp\htdocs\mainProject\pages\assets\js\pages\forms\dropify.js", "JavaScript", 0, 19, 0, 0, 0, 0, 0, 0, 0, 0, 0, 0, 3, 22
"c:\xampp\htdocs\mainProject\pages\assets\js\pages\forms\editors.js", "JavaScript", 0, 4, 0, 0, 0, 0, 0, 0, 0, 0, 0, 1, 1, 6
"c:\xampp\htdocs\mainProject\pages\assets\js\pages\forms\form-validation.js", "JavaScript", 0, 50, 0, 0, 0, 0, 0, 0, 0, 0, 0, 5, 3, 58
"c:\xampp\htdocs\mainProject\pages\assets\js\pages\forms\form-wizard.js", "JavaScript", 0, 77, 0, 0, 0, 0, 0, 0, 0, 0, 0, 5, 8, 90
"c:\xampp\htdocs\mainProject\pages\assets\js\pages\index.js", "JavaScript", 0, 194, 0, 0, 0, 0, 0, 0, 0, 0, 0, 14, 9, 217
"c:\xampp\htdocs\mainProject\pages\assets\js\pages\maps\google.js", "JavaScript", 0, 81, 0, 0, 0, 0, 0, 0, 0, 0, 0, 7, 10, 98
"c:\xampp\htdocs\mainProject\pages\assets\js\pages\maps\jvectormap.js", "JavaScript", 0, 79, 0, 0, 0, 0, 0, 0, 0, 0, 0, 0, 5, 84
"c:\xampp\htdocs\mainProject\pages\assets\js\pages\medias\image-gallery.js", "JavaScript", 0, 6, 0, 0, 0, 0, 0, 0, 0, 0, 0, 0, 0, 6
"c:\xampp\htdocs\mainProject\pages\assets\js\pages\tables\editable-table.js", "JavaScript", 0, 3, 0, 0, 0, 0, 0, 0, 0, 0, 0, 0, 0, 3
"c:\xampp\htdocs\mainProject\pages\assets\js\pages\tables\footable.js", "JavaScript", 0, 1, 0, 0, 0, 0, 0, 0, 0, 0, 0, 0, 0, 1
"c:\xampp\htdocs\mainProject\pages\assets\js\pages\tables\jquery-datatable.js", "JavaScript", 0, 9, 0, 0, 0, 0, 0, 0, 0, 0, 0, 1, 1, 11
"c:\xampp\htdocs\mainProject\pages\assets\js\pages\ticket-page.js", "JavaScript", 0, 37, 0, 0, 0, 0, 0, 0, 0, 0, 0, 2, 0, 39
"c:\xampp\htdocs\mainProject\pages\assets\js\pages\todo-js.js", "JavaScript", 0, 45, 0, 0, 0, 0, 0, 0, 0, 0, 0, 0, 15, 60
"c:\xampp\htdocs\mainProject\pages\assets\js\pages\ui\notifications.js", "JavaScript", 0, 44, 0, 0, 0, 0, 0, 0, 0, 0, 0, 0, 3, 47
"c:\xampp\htdocs\mainProject\pages\assets\js\pages\ui\range-sliders.js", "JavaScript", 0, 80, 0, 0, 0, 0, 0, 0, 0, 0, 0, 1, 12, 93
"c:\xampp\htdocs\mainProject\pages\assets\js\pages\ui\sortable-nestable.js", "JavaScript", 0, 8, 0, 0, 0, 0, 0, 0, 0, 0, 0, 0, 2, 10
"c:\xampp\htdocs\mainProject\pages\assets\js\pages\ui\sweetalert.js", "JavaScript", 0, 166, 0, 0, 0, 0, 0, 0, 0, 0, 0, 1, 12, 179
"c:\xampp\htdocs\mainProject\pages\assets\js\pages\widgets\infobox\infobox-1.js", "JavaScript", 0, 34, 0, 0, 0, 0, 0, 0, 0, 0, 0, 5, 4, 43
"c:\xampp\htdocs\mainProject\pages\assets\plugins\bootstrap-colorpicker\css\bootstrap-colorpicker.css", "CSS", 0, 0, 0, 0, 212, 0, 0, 0, 0, 0, 0, 10, 0, 222
"c:\xampp\htdocs\mainProject\pages\assets\plugins\bootstrap-colorpicker\js\bootstrap-colorpicker.js", "JavaScript", 0, 1023, 0, 0, 0, 0, 0, 0, 0, 0, 0, 50, 34, 1107
"c:\xampp\htdocs\mainProject\pages\assets\plugins\bootstrap-material-datetimepicker\css\bootstrap-material-datetimepicker.css", "CSS", 0, 0, 0, 0, 38, 0, 0, 0, 0, 0, 0, 0, 12, 50
"c:\xampp\htdocs\mainProject\pages\assets\plugins\bootstrap-material-datetimepicker\js\bootstrap-material-datetimepicker.js", "JavaScript", 0, 1033, 0, 0, 0, 0, 0, 0, 0, 0, 0, 0, 145, 1178
"c:\xampp\htdocs\mainProject\pages\assets\plugins\bootstrap-notify\bootstrap-notify.js", "JavaScript", 0, 317, 0, 0, 0, 0, 0, 0, 0, 0, 0, 12, 25, 354
"c:\xampp\htdocs\mainProject\pages\assets\plugins\bootstrap-select\css\bootstrap-select.css", "CSS", 0, 0, 0, 0, 291, 0, 0, 0, 0, 0, 0, 8, 1, 300
"c:\xampp\htdocs\mainProject\pages\assets\plugins\bootstrap-tagsinput\bootstrap-tagsinput.css", "CSS", 0, 0, 0, 0, 54, 0, 0, 0, 0, 0, 0, 0, 1, 55
"c:\xampp\htdocs\mainProject\pages\assets\plugins\bootstrap-tagsinput\bootstrap-tagsinput.js", "JavaScript", 0, 455, 0, 0, 0, 0, 0, 0, 0, 0, 0, 113, 96, 664
"c:\xampp\htdocs\mainProject\pages\assets\plugins\bootstrap\css\bootstrap.min.css", "CSS", 0, 0, 0, 0, 1, 0, 0, 0, 0, 0, 0, 6, 0, 7
"c:\xampp\htdocs\mainProject\pages\assets\plugins\chartjs\Chart.bundle.js", "JavaScript", 0, 13616, 0, 0, 0, 0, 0, 0, 0, 0, 0, 2466, 2881, 18963
"c:\xampp\htdocs\mainProject\pages\assets\plugins\chartjs\polar_area_chart.js", "JavaScript", 0, 119, 0, 0, 0, 0, 0, 0, 0, 0, 0, 6, 22, 147
"c:\xampp\htdocs\mainProject\pages\assets\plugins\charts-c3\plugin.css", "CSS", 0, 0, 0, 0, 169, 0, 0, 0, 0, 0, 0, 17, 42, 228
"c:\xampp\htdocs\mainProject\pages\assets\plugins\ckeditor\ckeditor.js", "JavaScript", 0, 995, 0, 0, 0, 0, 0, 0, 0, 0, 0, 4, 0, 999
"c:\xampp\htdocs\mainProject\pages\assets\plugins\dropify\css\dropify.min.css", "CSS", 0, 0, 0, 0, 2, 0, 0, 0, 0, 0, 0, 6, 0, 8
"c:\xampp\htdocs\mainProject\pages\assets\plugins\dropify\fonts\dropify.svg", "XML", 0, 0, 0, 0, 0, 0, 13, 0, 0, 0, 0, 0, 0, 13
"c:\xampp\htdocs\mainProject\pages\assets\plugins\dropify\js\dropify.min.js", "JavaScript", 0, 1, 0, 0, 0, 0, 0, 0, 0, 0, 0, 8, 1, 10
"c:\xampp\htdocs\mainProject\pages\assets\plugins\dropzone\dropzone.js", "JavaScript", 0, 1598, 0, 0, 0, 0, 0, 0, 0, 0, 0, 59, 111, 1768
"c:\xampp\htdocs\mainProject\pages\assets\plugins\editable-table\mindmup-editabletable.js", "JavaScript", 0, 126, 0, 0, 0, 0, 0, 0, 0, 0, 0, 1, 5, 132
"c:\xampp\htdocs\mainProject\pages\assets\plugins\footable-bootstrap\css\footable.bootstrap.min.css", "CSS", 0, 0, 0, 0, 1, 0, 0, 0, 0, 0, 0, 0, 0, 1
"c:\xampp\htdocs\mainProject\pages\assets\plugins\footable-bootstrap\css\footable.standalone.min.css", "CSS", 0, 0, 0, 0, 726, 0, 0, 0, 0, 0, 0, 0, 114, 840
"c:\xampp\htdocs\mainProject\pages\assets\plugins\fullcalendar\fullcalendar.min.css", "CSS", 0, 0, 0, 0, 1, 0, 0, 0, 0, 0, 0, 4, 2, 7
"c:\xampp\htdocs\mainProject\pages\assets\plugins\gmaps\gmaps.js", "JavaScript", 0, 1798, 0, 0, 0, 0, 0, 0, 0, 0, 0, 174, 438, 2410
"c:\xampp\htdocs\mainProject\pages\assets\plugins\ion-rangeslider\css\ion.rangeSlider.css", "CSS", 0, 0, 0, 0, 670, 0, 0, 0, 0, 0, 0, 5, 1, 676
"c:\xampp\htdocs\mainProject\pages\assets\plugins\ion-rangeslider\js\ion.rangeSlider.js", "JavaScript", 0, 1741, 0, 0, 0, 0, 0, 0, 0, 0, 0, 214, 495, 2450
"c:\xampp\htdocs\mainProject\pages\assets\plugins\jquery-datatable\buttons\buttons.bootstrap4.min.js", "JavaScript", 0, 2, 0, 0, 0, 0, 0, 0, 0, 0, 0, 4, 1, 7
"c:\xampp\htdocs\mainProject\pages\assets\plugins\jquery-datatable\buttons\buttons.colVis.min.js", "JavaScript", 0, 6, 0, 0, 0, 0, 0, 0, 0, 0, 0, 0, 1, 7
"c:\xampp\htdocs\mainProject\pages\assets\plugins\jquery-datatable\buttons\buttons.flash.min.js", "JavaScript", 0, 32, 0, 0, 0, 0, 0, 0, 0, 0, 0, 0, 1, 33
"c:\xampp\htdocs\mainProject\pages\assets\plugins\jquery-datatable\buttons\buttons.html5.min.js", "JavaScript", 0, 27, 0, 0, 0, 0, 0, 0, 0, 0, 0, 0, 1, 28
"c:\xampp\htdocs\mainProject\pages\assets\plugins\jquery-datatable\buttons\buttons.print.min.js", "JavaScript", 0, 4, 0, 0, 0, 0, 0, 0, 0, 0, 0, 0, 1, 5
"c:\xampp\htdocs\mainProject\pages\assets\plugins\jquery-datatable\buttons\dataTables.buttons.min.js", "JavaScript", 0, 34, 0, 0, 0, 0, 0, 0, 0, 0, 0, 4, 1, 39
"c:\xampp\htdocs\mainProject\pages\assets\plugins\jquery-datatable\dataTables.bootstrap4.min.css", "CSS", 0, 0, 0, 0, 1, 0, 0, 0, 0, 0, 0, 0, 1, 2
"c:\xampp\htdocs\mainProject\pages\assets\plugins\jquery-inputmask\jquery.inputmask.bundle.js", "JavaScript", 0, 2581, 0, 0, 0, 0, 0, 0, 0, 0, 0, 7, 29, 2617
"c:\xampp\htdocs\mainProject\pages\assets\plugins\jquery-knob\jquery.knob.min.js", "JavaScript", 0, 1, 0, 0, 0, 0, 0, 0, 0, 0, 0, 0, 0, 1
"c:\xampp\htdocs\mainProject\pages\assets\plugins\jquery-sparkline\jquery.sparkline.js", "JavaScript", 0, 2454, 0, 0, 0, 0, 0, 0, 0, 0, 0, 350, 260, 3064
"c:\xampp\htdocs\mainProject\pages\assets\plugins\jquery-spinner\css\bootstrap-spinner.css", "CSS", 0, 0, 0, 0, 60, 0, 0, 0, 0, 0, 0, 1, 0, 61
"c:\xampp\htdocs\mainProject\pages\assets\plugins\jquery-spinner\js\jquery.spinner.js", "JavaScript", 0, 198, 0, 0, 0, 0, 0, 0, 0, 0, 0, 12, 45, 255
"c:\xampp\htdocs\mainProject\pages\assets\plugins\jquery-steps\jquery.steps.css", "CSS", 0, 0, 0, 0, 313, 0, 0, 0, 0, 0, 0, 10, 59, 382
"c:\xampp\htdocs\mainProject\pages\assets\plugins\jquery-steps\jquery.steps.js", "JavaScript", 0, 868, 0, 0, 0, 0, 0, 0, 0, 0, 0, 942, 232, 2042
"c:\xampp\htdocs\mainProject\pages\assets\plugins\jquery-validation\jquery.validate.js", "JavaScript", 0, 1173, 0, 0, 0, 0, 0, 0, 0, 0, 0, 173, 228, 1574
"c:\xampp\htdocs\mainProject\pages\assets\plugins\jvectormap\jquery-jvectormap-2.0.3.css", "CSS", 0, 0, 0, 0, 113, 0, 0, 0, 0, 0, 0, 0, 22, 135
"c:\xampp\htdocs\mainProject\pages\assets\plugins\jvectormap\jquery-jvectormap-2.0.3.min.css", "CSS", 0, 0, 0, 0, 23, 0, 0, 0, 0, 0, 0, 0, 0, 23
"c:\xampp\htdocs\mainProject\pages\assets\plugins\jvectormap\jquery-jvectormap-au-mill.js", "JavaScript", 0, 1, 0, 0, 0, 0, 0, 0, 0, 0, 0, 0, 0, 1
"c:\xampp\htdocs\mainProject\pages\assets\plugins\jvectormap\jquery-jvectormap-in-mill.js", "JavaScript", 0, 1, 0, 0, 0, 0, 0, 0, 0, 0, 0, 0, 0, 1
"c:\xampp\htdocs\mainProject\pages\assets\plugins\jvectormap\jquery-jvectormap-uk-mill-en.js", "JavaScript", 0, 1, 0, 0, 0, 0, 0, 0, 0, 0, 0, 0, 0, 1
"c:\xampp\htdocs\mainProject\pages\assets\plugins\jvectormap\jquery-jvectormap-us-aea-en.js", "JavaScript", 0, 1, 0, 0, 0, 0, 0, 0, 0, 0, 0, 0, 0, 1
"c:\xampp\htdocs\mainProject\pages\assets\plugins\jvectormap\jquery-jvectormap-world-mill-en.js", "JavaScript", 0, 1, 0, 0, 0, 0, 0, 0, 0, 0, 0, 0, 0, 1
"c:\xampp\htdocs\mainProject\pages\assets\plugins\light-gallery\css\lightgallery.css", "CSS", 0, 0, 0, 0, 816, 0, 0, 0, 0, 0, 0, 5, 26, 847
"c:\xampp\htdocs\mainProject\pages\assets\plugins\light-gallery\fonts\lgd641.svg", "XML", 0, 0, 0, 0, 0, 0, 42, 0, 0, 0, 0, 0, 0, 42
"c:\xampp\htdocs\mainProject\pages\assets\plugins\light-gallery\js\lightgallery-all.min.js", "JavaScript", 0, 2, 0, 0, 0, 0, 0, 0, 0, 0, 0, 3, 0, 5
"c:\xampp\htdocs\mainProject\pages\assets\plugins\momentjs\moment.js", "JavaScript", 0, 3163, 0, 0, 0, 0, 0, 0, 0, 0, 0, 335, 697, 4195
"c:\xampp\htdocs\mainProject\pages\assets\plugins\morrisjs\morris.css", "CSS", 0, 0, 0, 0, 2, 0, 0, 0, 0, 0, 0, 0, 1, 3
"c:\xampp\htdocs\mainProject\pages\assets\plugins\morrisjs\morris.min.css", "CSS", 0, 0, 0, 0, 5, 0, 0, 0, 0, 0, 0, 0, 0, 5
"c:\xampp\htdocs\mainProject\pages\assets\plugins\multi-select\css\multi-select.css", "CSS", 0, 0, 0, 0, 83, 0, 0, 0, 0, 0, 0, 0, 10, 93
"c:\xampp\htdocs\mainProject\pages\assets\plugins\multi-select\js\jquery.multi-select.js", "JavaScript", 0, 441, 0, 0, 0, 0, 0, 0, 0, 0, 0, 14, 82, 537
"c:\xampp\htdocs\mainProject\pages\assets\plugins\nestable\jquery.nestable.js", "JavaScript", 0, 393, 0, 0, 0, 0, 0, 0, 0, 0, 0, 38, 54, 485
"c:\xampp\htdocs\mainProject\pages\assets\plugins\nouislider\nouislider.js", "JavaScript", 0, 1183, 0, 0, 0, 0, 0, 0, 0, 0, 0, 324, 452, 1959
"c:\xampp\htdocs\mainProject\pages\assets\plugins\nouislider\nouislider.min.css", "CSS", 0, 0, 0, 0, 1, 0, 0, 0, 0, 0, 0, 1, 2, 4
"c:\xampp\htdocs\mainProject\pages\assets\plugins\select2\select2.css", "CSS", 0, 0, 0, 0, 552, 0, 0, 0, 0, 0, 0, 18, 123, 693
"c:\xampp\htdocs\mainProject\pages\assets\plugins\select2\select2.min.js", "JavaScript", 0, 3, 0, 0, 0, 0, 0, 0, 0, 0, 0, 20, 0, 23
"c:\xampp\htdocs\mainProject\pages\assets\plugins\summernote\dist\summernote.css", "CSS", 0, 0, 0, 0, 525, 0, 0, 0, 0, 0, 0, 0, 119, 644
"c:\xampp\htdocs\mainProject\pages\assets\plugins\summernote\dist\summernote.js", "JavaScript", 0, 3259, 0, 0, 0, 0, 0, 0, 0, 0, 0, 95, 2, 3356
"c:\xampp\htdocs\mainProject\pages\assets\plugins\sweetalert\sweetalert.css", "CSS", 0, 0, 0, 0, 845, 0, 0, 0, 0, 0, 0, 18, 70, 933
"c:\xampp\htdocs\mainProject\pages\assets\plugins\sweetalert\sweetalert.min.js", "JavaScript", 0, 1, 0, 0, 0, 0, 0, 0, 0, 0, 0, 0, 0, 1
"c:\xampp\htdocs\mainProject\pages\index.php", "PHP", 70, 0, 0, 0, 0, 0, 0, 0, 0, 0, 0, 0, 6, 76
"c:\xampp\htdocs\mainProject\pages\signup.php", "PHP", 108, 0, 0, 0, 0, 0, 0, 0, 0, 0, 0, 0, 15, 123
"c:\xampp\htdocs\mainProject\pages\student\assets\bundles\c3.bundle.js", "JavaScript", 0, 7, 0, 0, 0, 0, 0, 0, 0, 0, 0, 4, 0, 11
"c:\xampp\htdocs\mainProject\pages\student\assets\bundles\countTo.bundle.js", "JavaScript", 0, 1, 0, 0, 0, 0, 0, 0, 0, 0, 0, 0, 0, 1
"c:\xampp\htdocs\mainProject\pages\student\assets\bundles\datatablescripts.bundle.js", "JavaScript", 0, 3, 0, 0, 0, 0, 0, 0, 0, 0, 0, 0, 0, 3
"c:\xampp\htdocs\mainProject\pages\student\assets\bundles\flotscripts.bundle.js", "JavaScript", 0, 2, 0, 0, 0, 0, 0, 0, 0, 0, 0, 0, 0, 2
"c:\xampp\htdocs\mainProject\pages\student\assets\bundles\footable.bundle.js", "JavaScript", 0, 3, 0, 0, 0, 0, 0, 0, 0, 0, 0, 0, 0, 3
"c:\xampp\htdocs\mainProject\pages\student\assets\bundles\fullcalendarscripts.bundle.js", "JavaScript", 0, 9, 0, 0, 0, 0, 0, 0, 0, 0, 0, 0, 0, 9
"c:\xampp\htdocs\mainProject\pages\student\assets\bundles\jvectormap.bundle.js", "JavaScript", 0, 5, 0, 0, 0, 0, 0, 0, 0, 0, 0, 0, 0, 5
"c:\xampp\htdocs\mainProject\pages\student\assets\bundles\knob.bundle.js", "JavaScript", 0, 1, 0, 0, 0, 0, 0, 0, 0, 0, 0, 0, 0, 1
"c:\xampp\htdocs\mainProject\pages\student\assets\bundles\libscripts.bundle.js", "JavaScript", 0, 5, 0, 0, 0, 0, 0, 0, 0, 0, 0, 0, 0, 5
"c:\xampp\htdocs\mainProject\pages\student\assets\bundles\mainscripts.bundle.js", "JavaScript", 0, 1, 0, 0, 0, 0, 0, 0, 0, 0, 0, 0, 0, 1
"c:\xampp\htdocs\mainProject\pages\student\assets\bundles\morrisscripts.bundle.js", "JavaScript", 0, 5, 0, 0, 0, 0, 0, 0, 0, 0, 0, 0, 0, 5
"c:\xampp\htdocs\mainProject\pages\student\assets\bundles\sparkline.bundle.js", "JavaScript", 0, 2, 0, 0, 0, 0, 0, 0, 0, 0, 0, 0, 0, 2
"c:\xampp\htdocs\mainProject\pages\student\assets\bundles\vendorscripts.bundle.js", "JavaScript", 0, 2, 0, 0, 0, 0, 0, 0, 0, 0, 0, 0, 0, 2
"c:\xampp\htdocs\mainProject\pages\student\assets\css\style.min.css", "CSS", 0, 0, 0, 0, 1, 0, 0, 0, 0, 0, 0, 0, 1, 2
"c:\xampp\htdocs\mainProject\pages\student\assets\css\weather-icons.min.css", "CSS", 0, 0, 0, 0, 2, 0, 0, 0, 0, 0, 0, 39, 0, 41
"c:\xampp\htdocs\mainProject\pages\student\assets\fonts\themify9f24.svg", "XML", 0, 0, 0, 0, 0, 0, 362, 0, 0, 0, 0, 0, 0, 362
"c:\xampp\htdocs\mainProject\pages\student\assets\fonts\weathericons-regular-webfont.svg", "XML", 0, 0, 0, 0, 0, 0, 257, 0, 0, 0, 0, 0, 0, 257
"c:\xampp\htdocs\mainProject\pages\student\assets\images\404.svg", "XML", 0, 0, 0, 0, 0, 0, 260, 0, 0, 0, 0, 1, 1, 262
"c:\xampp\htdocs\mainProject\pages\student\assets\images\loader.svg", "XML", 0, 0, 0, 0, 0, 0, 16, 0, 0, 0, 0, 1, 1, 18
"c:\xampp\htdocs\mainProject\pages\student\assets\images\logo.svg", "XML", 0, 0, 0, 0, 0, 0, 18, 0, 0, 0, 0, 1, 1, 20
"c:\xampp\htdocs\mainProject\pages\student\assets\images\maintanance.svg", "XML", 0, 0, 0, 0, 0, 0, 393, 0, 0, 0, 0, 1, 2, 396
"c:\xampp\htdocs\mainProject\pages\student\assets\images\signin.svg", "XML", 0, 0, 0, 0, 0, 0, 217, 0, 0, 0, 0, 1, 2, 220
"c:\xampp\htdocs\mainProject\pages\student\assets\images\signup.svg", "XML", 0, 0, 0, 0, 0, 0, 414, 0, 0, 0, 0, 1, 18, 433
"c:\xampp\htdocs\mainProject\pages\student\assets\js\pages\blog\blog.js", "JavaScript", 0, 150, 0, 0, 0, 0, 0, 0, 0, 0, 0, 5, 3, 158
"c:\xampp\htdocs\mainProject\pages\student\assets\js\pages\calendar\calendar.js", "JavaScript", 0, 104, 0, 0, 0, 0, 0, 0, 0, 0, 0, 18, 141, 263
"c:\xampp\htdocs\mainProject\pages\student\assets\js\pages\charts\c3.js", "JavaScript", 0, 569, 0, 0, 0, 0, 0, 0, 0, 0, 0, 46, 0, 615
"c:\xampp\htdocs\mainProject\pages\student\assets\js\pages\charts\chartjs.js", "JavaScript", 0, 247, 0, 0, 0, 0, 0, 0, 0, 0, 0, 1, 13, 261
"c:\xampp\htdocs\mainProject\pages\student\assets\js\pages\charts\flot.js", "JavaScript", 0, 1364, 0, 0, 0, 0, 0, 0, 0, 0, 0, 29, 47, 1440
"c:\xampp\htdocs\mainProject\pages\student\assets\js\pages\charts\jquery-knob.js", "JavaScript", 0, 38, 0, 0, 0, 0, 0, 0, 0, 0, 0, 1, 7, 46
"c:\xampp\htdocs\mainProject\pages\student\assets\js\pages\charts\jquery-knob.min.js", "JavaScript", 0, 1, 0, 0, 0, 0, 0, 0, 0, 0, 0, 0, 0, 1
"c:\xampp\htdocs\mainProject\pages\student\assets\js\pages\charts\morris.js", "JavaScript", 0, 277, 0, 0, 0, 0, 0, 0, 0, 0, 0, 5, 9, 291
"c:\xampp\htdocs\mainProject\pages\student\assets\js\pages\charts\polar_area_chart.js", "JavaScript", 0, 57, 0, 0, 0, 0, 0, 0, 0, 0, 0, 0, 2, 59
"c:\xampp\htdocs\mainProject\pages\student\assets\js\pages\charts\sparkline.js", "JavaScript", 0, 150, 0, 0, 0, 0, 0, 0, 0, 0, 0, 24, 23, 197
"c:\xampp\htdocs\mainProject\pages\student\assets\js\pages\ecommerce.js", "JavaScript", 0, 147, 0, 0, 0, 0, 0, 0, 0, 0, 0, 6, 11, 164
"c:\xampp\htdocs\mainProject\pages\student\assets\js\pages\forms\advanced-form-elements.js", "JavaScript", 0, 83, 0, 0, 0, 0, 0, 0, 0, 0, 0, 18, 17, 118
"c:\xampp\htdocs\mainProject\pages\student\assets\js\pages\forms\basic-form-elements.js", "JavaScript", 0, 18, 0, 0, 0, 0, 0, 0, 0, 0, 0, 1, 2, 21
"c:\xampp\htdocs\mainProject\pages\student\assets\js\pages\forms\dropify.js", "JavaScript", 0, 19, 0, 0, 0, 0, 0, 0, 0, 0, 0, 0, 3, 22
"c:\xampp\htdocs\mainProject\pages\student\assets\js\pages\forms\editors.js", "JavaScript", 0, 4, 0, 0, 0, 0, 0, 0, 0, 0, 0, 1, 1, 6
"c:\xampp\htdocs\mainProject\pages\student\assets\js\pages\forms\form-validation.js", "JavaScript", 0, 50, 0, 0, 0, 0, 0, 0, 0, 0, 0, 5, 3, 58
"c:\xampp\htdocs\mainProject\pages\student\assets\js\pages\forms\form-wizard.js", "JavaScript", 0, 77, 0, 0, 0, 0, 0, 0, 0, 0, 0, 5, 8, 90
"c:\xampp\htdocs\mainProject\pages\student\assets\js\pages\index.js", "JavaScript", 0, 194, 0, 0, 0, 0, 0, 0, 0, 0, 0, 14, 9, 217
"c:\xampp\htdocs\mainProject\pages\student\assets\js\pages\maps\google.js", "JavaScript", 0, 81, 0, 0, 0, 0, 0, 0, 0, 0, 0, 7, 10, 98
"c:\xampp\htdocs\mainProject\pages\student\assets\js\pages\maps\jvectormap.js", "JavaScript", 0, 79, 0, 0, 0, 0, 0, 0, 0, 0, 0, 0, 5, 84
"c:\xampp\htdocs\mainProject\pages\student\assets\js\pages\medias\image-gallery.js", "JavaScript", 0, 6, 0, 0, 0, 0, 0, 0, 0, 0, 0, 0, 0, 6
"c:\xampp\htdocs\mainProject\pages\student\assets\js\pages\tables\editable-table.js", "JavaScript", 0, 3, 0, 0, 0, 0, 0, 0, 0, 0, 0, 0, 0, 3
"c:\xampp\htdocs\mainProject\pages\student\assets\js\pages\tables\footable.js", "JavaScript", 0, 1, 0, 0, 0, 0, 0, 0, 0, 0, 0, 0, 0, 1
"c:\xampp\htdocs\mainProject\pages\student\assets\js\pages\tables\jquery-datatable.js", "JavaScript", 0, 9, 0, 0, 0, 0, 0, 0, 0, 0, 0, 1, 1, 11
"c:\xampp\htdocs\mainProject\pages\student\assets\js\pages\ticket-page.js", "JavaScript", 0, 37, 0, 0, 0, 0, 0, 0, 0, 0, 0, 2, 0, 39
"c:\xampp\htdocs\mainProject\pages\student\assets\js\pages\todo-js.js", "JavaScript", 0, 45, 0, 0, 0, 0, 0, 0, 0, 0, 0, 0, 15, 60
"c:\xampp\htdocs\mainProject\pages\student\assets\js\pages\ui\notifications.js", "JavaScript", 0, 44, 0, 0, 0, 0, 0, 0, 0, 0, 0, 0, 3, 47
"c:\xampp\htdocs\mainProject\pages\student\assets\js\pages\ui\range-sliders.js", "JavaScript", 0, 80, 0, 0, 0, 0, 0, 0, 0, 0, 0, 1, 12, 93
"c:\xampp\htdocs\mainProject\pages\student\assets\js\pages\ui\sortable-nestable.js", "JavaScript", 0, 8, 0, 0, 0, 0, 0, 0, 0, 0, 0, 0, 2, 10
"c:\xampp\htdocs\mainProject\pages\student\assets\js\pages\ui\sweetalert.js", "JavaScript", 0, 166, 0, 0, 0, 0, 0, 0, 0, 0, 0, 1, 12, 179
"c:\xampp\htdocs\mainProject\pages\student\assets\js\pages\widgets\infobox\infobox-1.js", "JavaScript", 0, 34, 0, 0, 0, 0, 0, 0, 0, 0, 0, 5, 4, 43
"c:\xampp\htdocs\mainProject\pages\student\assets\plugins\bootstrap-colorpicker\css\bootstrap-colorpicker.css", "CSS", 0, 0, 0, 0, 212, 0, 0, 0, 0, 0, 0, 10, 0, 222
"c:\xampp\htdocs\mainProject\pages\student\assets\plugins\bootstrap-colorpicker\js\bootstrap-colorpicker.js", "JavaScript", 0, 1023, 0, 0, 0, 0, 0, 0, 0, 0, 0, 50, 34, 1107
"c:\xampp\htdocs\mainProject\pages\student\assets\plugins\bootstrap-material-datetimepicker\css\bootstrap-material-datetimepicker.css", "CSS", 0, 0, 0, 0, 38, 0, 0, 0, 0, 0, 0, 0, 12, 50
"c:\xampp\htdocs\mainProject\pages\student\assets\plugins\bootstrap-material-datetimepicker\js\bootstrap-material-datetimepicker.js", "JavaScript", 0, 1033, 0, 0, 0, 0, 0, 0, 0, 0, 0, 0, 145, 1178
"c:\xampp\htdocs\mainProject\pages\student\assets\plugins\bootstrap-notify\bootstrap-notify.js", "JavaScript", 0, 317, 0, 0, 0, 0, 0, 0, 0, 0, 0, 12, 25, 354
"c:\xampp\htdocs\mainProject\pages\student\assets\plugins\bootstrap-select\css\bootstrap-select.css", "CSS", 0, 0, 0, 0, 291, 0, 0, 0, 0, 0, 0, 8, 1, 300
"c:\xampp\htdocs\mainProject\pages\student\assets\plugins\bootstrap-tagsinput\bootstrap-tagsinput.css", "CSS", 0, 0, 0, 0, 54, 0, 0, 0, 0, 0, 0, 0, 1, 55
"c:\xampp\htdocs\mainProject\pages\student\assets\plugins\bootstrap-tagsinput\bootstrap-tagsinput.js", "JavaScript", 0, 455, 0, 0, 0, 0, 0, 0, 0, 0, 0, 113, 96, 664
"c:\xampp\htdocs\mainProject\pages\student\assets\plugins\bootstrap\css\bootstrap.min.css", "CSS", 0, 0, 0, 0, 1, 0, 0, 0, 0, 0, 0, 6, 0, 7
"c:\xampp\htdocs\mainProject\pages\student\assets\plugins\chartjs\Chart.bundle.js", "JavaScript", 0, 13616, 0, 0, 0, 0, 0, 0, 0, 0, 0, 2466, 2881, 18963
"c:\xampp\htdocs\mainProject\pages\student\assets\plugins\chartjs\polar_area_chart.js", "JavaScript", 0, 119, 0, 0, 0, 0, 0, 0, 0, 0, 0, 6, 22, 147
"c:\xampp\htdocs\mainProject\pages\student\assets\plugins\charts-c3\plugin.css", "CSS", 0, 0, 0, 0, 169, 0, 0, 0, 0, 0, 0, 17, 42, 228
"c:\xampp\htdocs\mainProject\pages\student\assets\plugins\ckeditor\ckeditor.js", "JavaScript", 0, 995, 0, 0, 0, 0, 0, 0, 0, 0, 0, 4, 0, 999
"c:\xampp\htdocs\mainProject\pages\student\assets\plugins\dropify\css\dropify.min.css", "CSS", 0, 0, 0, 0, 2, 0, 0, 0, 0, 0, 0, 6, 0, 8
"c:\xampp\htdocs\mainProject\pages\student\assets\plugins\dropify\fonts\dropify.svg", "XML", 0, 0, 0, 0, 0, 0, 13, 0, 0, 0, 0, 0, 0, 13
"c:\xampp\htdocs\mainProject\pages\student\assets\plugins\dropify\js\dropify.min.js", "JavaScript", 0, 1, 0, 0, 0, 0, 0, 0, 0, 0, 0, 8, 1, 10
"c:\xampp\htdocs\mainProject\pages\student\assets\plugins\dropzone\dropzone.js", "JavaScript", 0, 1598, 0, 0, 0, 0, 0, 0, 0, 0, 0, 59, 111, 1768
"c:\xampp\htdocs\mainProject\pages\student\assets\plugins\editable-table\mindmup-editabletable.js", "JavaScript", 0, 126, 0, 0, 0, 0, 0, 0, 0, 0, 0, 1, 5, 132
"c:\xampp\htdocs\mainProject\pages\student\assets\plugins\footable-bootstrap\css\footable.bootstrap.min.css", "CSS", 0, 0, 0, 0, 1, 0, 0, 0, 0, 0, 0, 0, 0, 1
"c:\xampp\htdocs\mainProject\pages\student\assets\plugins\footable-bootstrap\css\footable.standalone.min.css", "CSS", 0, 0, 0, 0, 726, 0, 0, 0, 0, 0, 0, 0, 114, 840
"c:\xampp\htdocs\mainProject\pages\student\assets\plugins\fullcalendar\fullcalendar.min.css", "CSS", 0, 0, 0, 0, 1, 0, 0, 0, 0, 0, 0, 4, 2, 7
"c:\xampp\htdocs\mainProject\pages\student\assets\plugins\gmaps\gmaps.js", "JavaScript", 0, 1798, 0, 0, 0, 0, 0, 0, 0, 0, 0, 174, 438, 2410
"c:\xampp\htdocs\mainProject\pages\student\assets\plugins\ion-rangeslider\css\ion.rangeSlider.css", "CSS", 0, 0, 0, 0, 670, 0, 0, 0, 0, 0, 0, 5, 1, 676
"c:\xampp\htdocs\mainProject\pages\student\assets\plugins\ion-rangeslider\js\ion.rangeSlider.js", "JavaScript", 0, 1741, 0, 0, 0, 0, 0, 0, 0, 0, 0, 214, 495, 2450
"c:\xampp\htdocs\mainProject\pages\student\assets\plugins\jquery-datatable\buttons\buttons.bootstrap4.min.js", "JavaScript", 0, 2, 0, 0, 0, 0, 0, 0, 0, 0, 0, 4, 1, 7
"c:\xampp\htdocs\mainProject\pages\student\assets\plugins\jquery-datatable\buttons\buttons.colVis.min.js", "JavaScript", 0, 6, 0, 0, 0, 0, 0, 0, 0, 0, 0, 0, 1, 7
"c:\xampp\htdocs\mainProject\pages\student\assets\plugins\jquery-datatable\buttons\buttons.flash.min.js", "JavaScript", 0, 32, 0, 0, 0, 0, 0, 0, 0, 0, 0, 0, 1, 33
"c:\xampp\htdocs\mainProject\pages\student\assets\plugins\jquery-datatable\buttons\buttons.html5.min.js", "JavaScript", 0, 27, 0, 0, 0, 0, 0, 0, 0, 0, 0, 0, 1, 28
"c:\xampp\htdocs\mainProject\pages\student\assets\plugins\jquery-datatable\buttons\buttons.print.min.js", "JavaScript", 0, 4, 0, 0, 0, 0, 0, 0, 0, 0, 0, 0, 1, 5
"c:\xampp\htdocs\mainProject\pages\student\assets\plugins\jquery-datatable\buttons\dataTables.buttons.min.js", "JavaScript", 0, 34, 0, 0, 0, 0, 0, 0, 0, 0, 0, 4, 1, 39
"c:\xampp\htdocs\mainProject\pages\student\assets\plugins\jquery-datatable\dataTables.bootstrap4.min.css", "CSS", 0, 0, 0, 0, 1, 0, 0, 0, 0, 0, 0, 0, 1, 2
"c:\xampp\htdocs\mainProject\pages\student\assets\plugins\jquery-inputmask\jquery.inputmask.bundle.js", "JavaScript", 0, 2581, 0, 0, 0, 0, 0, 0, 0, 0, 0, 7, 29, 2617
"c:\xampp\htdocs\mainProject\pages\student\assets\plugins\jquery-knob\jquery.knob.min.js", "JavaScript", 0, 1, 0, 0, 0, 0, 0, 0, 0, 0, 0, 0, 0, 1
"c:\xampp\htdocs\mainProject\pages\student\assets\plugins\jquery-sparkline\jquery.sparkline.js", "JavaScript", 0, 2454, 0, 0, 0, 0, 0, 0, 0, 0, 0, 350, 260, 3064
"c:\xampp\htdocs\mainProject\pages\student\assets\plugins\jquery-spinner\css\bootstrap-spinner.css", "CSS", 0, 0, 0, 0, 60, 0, 0, 0, 0, 0, 0, 1, 0, 61
"c:\xampp\htdocs\mainProject\pages\student\assets\plugins\jquery-spinner\js\jquery.spinner.js", "JavaScript", 0, 198, 0, 0, 0, 0, 0, 0, 0, 0, 0, 12, 45, 255
"c:\xampp\htdocs\mainProject\pages\student\assets\plugins\jquery-steps\jquery.steps.css", "CSS", 0, 0, 0, 0, 313, 0, 0, 0, 0, 0, 0, 10, 59, 382
"c:\xampp\htdocs\mainProject\pages\student\assets\plugins\jquery-steps\jquery.steps.js", "JavaScript", 0, 868, 0, 0, 0, 0, 0, 0, 0, 0, 0, 942, 232, 2042
"c:\xampp\htdocs\mainProject\pages\student\assets\plugins\jquery-validation\jquery.validate.js", "JavaScript", 0, 1173, 0, 0, 0, 0, 0, 0, 0, 0, 0, 173, 228, 1574
"c:\xampp\htdocs\mainProject\pages\student\assets\plugins\jvectormap\jquery-jvectormap-2.0.3.css", "CSS", 0, 0, 0, 0, 113, 0, 0, 0, 0, 0, 0, 0, 22, 135
"c:\xampp\htdocs\mainProject\pages\student\assets\plugins\jvectormap\jquery-jvectormap-2.0.3.min.css", "CSS", 0, 0, 0, 0, 23, 0, 0, 0, 0, 0, 0, 0, 0, 23
"c:\xampp\htdocs\mainProject\pages\student\assets\plugins\jvectormap\jquery-jvectormap-au-mill.js", "JavaScript", 0, 1, 0, 0, 0, 0, 0, 0, 0, 0, 0, 0, 0, 1
"c:\xampp\htdocs\mainProject\pages\student\assets\plugins\jvectormap\jquery-jvectormap-in-mill.js", "JavaScript", 0, 1, 0, 0, 0, 0, 0, 0, 0, 0, 0, 0, 0, 1
"c:\xampp\htdocs\mainProject\pages\student\assets\plugins\jvectormap\jquery-jvectormap-uk-mill-en.js", "JavaScript", 0, 1, 0, 0, 0, 0, 0, 0, 0, 0, 0, 0, 0, 1
"c:\xampp\htdocs\mainProject\pages\student\assets\plugins\jvectormap\jquery-jvectormap-us-aea-en.js", "JavaScript", 0, 1, 0, 0, 0, 0, 0, 0, 0, 0, 0, 0, 0, 1
"c:\xampp\htdocs\mainProject\pages\student\assets\plugins\jvectormap\jquery-jvectormap-world-mill-en.js", "JavaScript", 0, 1, 0, 0, 0, 0, 0, 0, 0, 0, 0, 0, 0, 1
"c:\xampp\htdocs\mainProject\pages\student\assets\plugins\light-gallery\css\lightgallery.css", "CSS", 0, 0, 0, 0, 816, 0, 0, 0, 0, 0, 0, 5, 26, 847
"c:\xampp\htdocs\mainProject\pages\student\assets\plugins\light-gallery\fonts\lgd641.svg", "XML", 0, 0, 0, 0, 0, 0, 42, 0, 0, 0, 0, 0, 0, 42
"c:\xampp\htdocs\mainProject\pages\student\assets\plugins\light-gallery\js\lightgallery-all.min.js", "JavaScript", 0, 2, 0, 0, 0, 0, 0, 0, 0, 0, 0, 3, 0, 5
"c:\xampp\htdocs\mainProject\pages\student\assets\plugins\momentjs\moment.js", "JavaScript", 0, 3163, 0, 0, 0, 0, 0, 0, 0, 0, 0, 335, 697, 4195
"c:\xampp\htdocs\mainProject\pages\student\assets\plugins\morrisjs\morris.css", "CSS", 0, 0, 0, 0, 2, 0, 0, 0, 0, 0, 0, 0, 1, 3
"c:\xampp\htdocs\mainProject\pages\student\assets\plugins\morrisjs\morris.min.css", "CSS", 0, 0, 0, 0, 5, 0, 0, 0, 0, 0, 0, 0, 0, 5
"c:\xampp\htdocs\mainProject\pages\student\assets\plugins\multi-select\css\multi-select.css", "CSS", 0, 0, 0, 0, 83, 0, 0, 0, 0, 0, 0, 0, 10, 93
"c:\xampp\htdocs\mainProject\pages\student\assets\plugins\multi-select\js\jquery.multi-select.js", "JavaScript", 0, 441, 0, 0, 0, 0, 0, 0, 0, 0, 0, 14, 82, 537
"c:\xampp\htdocs\mainProject\pages\student\assets\plugins\nestable\jquery.nestable.js", "JavaScript", 0, 393, 0, 0, 0, 0, 0, 0, 0, 0, 0, 38, 54, 485
"c:\xampp\htdocs\mainProject\pages\student\assets\plugins\nouislider\nouislider.js", "JavaScript", 0, 1183, 0, 0, 0, 0, 0, 0, 0, 0, 0, 324, 452, 1959
"c:\xampp\htdocs\mainProject\pages\student\assets\plugins\nouislider\nouislider.min.css", "CSS", 0, 0, 0, 0, 1, 0, 0, 0, 0, 0, 0, 1, 2, 4
"c:\xampp\htdocs\mainProject\pages\student\assets\plugins\select2\select2.css", "CSS", 0, 0, 0, 0, 552, 0, 0, 0, 0, 0, 0, 18, 123, 693
"c:\xampp\htdocs\mainProject\pages\student\assets\plugins\select2\select2.min.js", "JavaScript", 0, 3, 0, 0, 0, 0, 0, 0, 0, 0, 0, 20, 0, 23
"c:\xampp\htdocs\mainProject\pages\student\assets\plugins\summernote\dist\summernote.css", "CSS", 0, 0, 0, 0, 525, 0, 0, 0, 0, 0, 0, 0, 119, 644
"c:\xampp\htdocs\mainProject\pages\student\assets\plugins\summernote\dist\summernote.js", "JavaScript", 0, 3259, 0, 0, 0, 0, 0, 0, 0, 0, 0, 95, 2, 3356
"c:\xampp\htdocs\mainProject\pages\student\assets\plugins\sweetalert\sweetalert.css", "CSS", 0, 0, 0, 0, 845, 0, 0, 0, 0, 0, 0, 18, 70, 933
"c:\xampp\htdocs\mainProject\pages\student\assets\plugins\sweetalert\sweetalert.min.js", "JavaScript", 0, 1, 0, 0, 0, 0, 0, 0, 0, 0, 0, 0, 0, 1
"c:\xampp\htdocs\mainProject\pages\student\s_assignmentDetail.php", "PHP", 302, 0, 0, 0, 0, 0, 0, 0, 0, 0, 0, 1, 29, 332
"c:\xampp\htdocs\mainProject\pages\student\s_calculateatt.php", "PHP", 245, 0, 0, 0, 0, 0, 0, 0, 0, 0, 0, 0, 34, 279
"c:\xampp\htdocs\mainProject\pages\student\s_chat.php", "PHP", 339, 0, 0, 0, 0, 0, 0, 0, 0, 0, 0, 16, 64, 419
"c:\xampp\htdocs\mainProject\pages\student\s_index.php", "PHP", 218, 0, 0, 0, 0, 0, 0, 0, 0, 0, 0, 0, 27, 245
"c:\xampp\htdocs\mainProject\pages\student\s_notes.php", "PHP", 219, 0, 0, 0, 0, 0, 0, 0, 0, 0, 0, 0, 22, 241
"c:\xampp\htdocs\mainProject\pages\student\s_profile.php", "PHP", 238, 0, 0, 0, 0, 0, 0, 0, 0, 0, 0, 0, 22, 260
"c:\xampp\htdocs\mainProject\pages\student\s_profileedit.php", "PHP", 186, 0, 0, 0, 0, 0, 0, 0, 0, 0, 0, 0, 17, 203
"c:\xampp\htdocs\mainProject\pages\student\s_resources.php", "PHP", 216, 0, 0, 0, 0, 0, 0, 0, 0, 0, 0, 0, 29, 245
"c:\xampp\htdocs\mainProject\pages\student\s_takeQuiz.php", "PHP", 246, 0, 0, 0, 0, 0, 0, 0, 0, 0, 0, 2, 47, 295
"c:\xampp\htdocs\mainProject\pages\student\s_viewAssignment.php", "PHP", 253, 0, 0, 0, 0, 0, 0, 0, 0, 0, 0, 0, 25, 278
"c:\xampp\htdocs\mainProject\pages\student\s_viewAttendance.php", "PHP", 247, 0, 0, 0, 0, 0, 0, 0, 0, 0, 0, 0, 26, 273
"c:\xampp\htdocs\mainProject\pages\student\s_viewQuiz.php", "PHP", 253, 0, 0, 0, 0, 0, 0, 0, 0, 0, 0, 0, 28, 281
"c:\xampp\htdocs\mainProject\pages\student\s_viewSubject.php", "PHP", 288, 0, 0, 0, 0, 0, 0, 0, 0, 0, 0, 0, 35, 323
"c:\xampp\htdocs\mainProject\pages\student\s_viewbyrank.php", "PHP", 211, 0, 0, 0, 0, 0, 0, 0, 0, 0, 0, 0, 31, 242
"c:\xampp\htdocs\mainProject\pages\teacher\assets\bundles\c3.bundle.js", "JavaScript", 0, 7, 0, 0, 0, 0, 0, 0, 0, 0, 0, 4, 0, 11
"c:\xampp\htdocs\mainProject\pages\teacher\assets\bundles\countTo.bundle.js", "JavaScript", 0, 1, 0, 0, 0, 0, 0, 0, 0, 0, 0, 0, 0, 1
"c:\xampp\htdocs\mainProject\pages\teacher\assets\bundles\datatablescripts.bundle.js", "JavaScript", 0, 3, 0, 0, 0, 0, 0, 0, 0, 0, 0, 0, 0, 3
"c:\xampp\htdocs\mainProject\pages\teacher\assets\bundles\flotscripts.bundle.js", "JavaScript", 0, 2, 0, 0, 0, 0, 0, 0, 0, 0, 0, 0, 0, 2
"c:\xampp\htdocs\mainProject\pages\teacher\assets\bundles\footable.bundle.js", "JavaScript", 0, 3, 0, 0, 0, 0, 0, 0, 0, 0, 0, 0, 0, 3
"c:\xampp\htdocs\mainProject\pages\teacher\assets\bundles\fullcalendarscripts.bundle.js", "JavaScript", 0, 9, 0, 0, 0, 0, 0, 0, 0, 0, 0, 0, 0, 9
"c:\xampp\htdocs\mainProject\pages\teacher\assets\bundles\jvectormap.bundle.js", "JavaScript", 0, 5, 0, 0, 0, 0, 0, 0, 0, 0, 0, 0, 0, 5
"c:\xampp\htdocs\mainProject\pages\teacher\assets\bundles\knob.bundle.js", "JavaScript", 0, 1, 0, 0, 0, 0, 0, 0, 0, 0, 0, 0, 0, 1
"c:\xampp\htdocs\mainProject\pages\teacher\assets\bundles\libscripts.bundle.js", "JavaScript", 0, 5, 0, 0, 0, 0, 0, 0, 0, 0, 0, 0, 0, 5
"c:\xampp\htdocs\mainProject\pages\teacher\assets\bundles\mainscripts.bundle.js", "JavaScript", 0, 1, 0, 0, 0, 0, 0, 0, 0, 0, 0, 0, 0, 1
"c:\xampp\htdocs\mainProject\pages\teacher\assets\bundles\morrisscripts.bundle.js", "JavaScript", 0, 5, 0, 0, 0, 0, 0, 0, 0, 0, 0, 0, 0, 5
"c:\xampp\htdocs\mainProject\pages\teacher\assets\bundles\sparkline.bundle.js", "JavaScript", 0, 2, 0, 0, 0, 0, 0, 0, 0, 0, 0, 0, 0, 2
"c:\xampp\htdocs\mainProject\pages\teacher\assets\bundles\vendorscripts.bundle.js", "JavaScript", 0, 2, 0, 0, 0, 0, 0, 0, 0, 0, 0, 0, 0, 2
"c:\xampp\htdocs\mainProject\pages\teacher\assets\css\style.min.css", "CSS", 0, 0, 0, 0, 1, 0, 0, 0, 0, 0, 0, 0, 1, 2
"c:\xampp\htdocs\mainProject\pages\teacher\assets\css\weather-icons.min.css", "CSS", 0, 0, 0, 0, 2, 0, 0, 0, 0, 0, 0, 39, 0, 41
"c:\xampp\htdocs\mainProject\pages\teacher\assets\fonts\themify9f24.svg", "XML", 0, 0, 0, 0, 0, 0, 362, 0, 0, 0, 0, 0, 0, 362
"c:\xampp\htdocs\mainProject\pages\teacher\assets\fonts\weathericons-regular-webfont.svg", "XML", 0, 0, 0, 0, 0, 0, 257, 0, 0, 0, 0, 0, 0, 257
"c:\xampp\htdocs\mainProject\pages\teacher\assets\images\404.svg", "XML", 0, 0, 0, 0, 0, 0, 260, 0, 0, 0, 0, 1, 1, 262
"c:\xampp\htdocs\mainProject\pages\teacher\assets\images\loader.svg", "XML", 0, 0, 0, 0, 0, 0, 16, 0, 0, 0, 0, 1, 1, 18
"c:\xampp\htdocs\mainProject\pages\teacher\assets\images\logo.svg", "XML", 0, 0, 0, 0, 0, 0, 18, 0, 0, 0, 0, 1, 1, 20
"c:\xampp\htdocs\mainProject\pages\teacher\assets\images\maintanance.svg", "XML", 0, 0, 0, 0, 0, 0, 393, 0, 0, 0, 0, 1, 2, 396
"c:\xampp\htdocs\mainProject\pages\teacher\assets\images\signin.svg", "XML", 0, 0, 0, 0, 0, 0, 217, 0, 0, 0, 0, 1, 2, 220
"c:\xampp\htdocs\mainProject\pages\teacher\assets\images\signup.svg", "XML", 0, 0, 0, 0, 0, 0, 414, 0, 0, 0, 0, 1, 18, 433
"c:\xampp\htdocs\mainProject\pages\teacher\assets\js\pages\blog\blog.js", "JavaScript", 0, 150, 0, 0, 0, 0, 0, 0, 0, 0, 0, 5, 3, 158
"c:\xampp\htdocs\mainProject\pages\teacher\assets\js\pages\calendar\calendar.js", "JavaScript", 0, 104, 0, 0, 0, 0, 0, 0, 0, 0, 0, 18, 141, 263
"c:\xampp\htdocs\mainProject\pages\teacher\assets\js\pages\charts\c3.js", "JavaScript", 0, 569, 0, 0, 0, 0, 0, 0, 0, 0, 0, 46, 0, 615
"c:\xampp\htdocs\mainProject\pages\teacher\assets\js\pages\charts\chartjs.js", "JavaScript", 0, 247, 0, 0, 0, 0, 0, 0, 0, 0, 0, 1, 13, 261
"c:\xampp\htdocs\mainProject\pages\teacher\assets\js\pages\charts\flot.js", "JavaScript", 0, 1364, 0, 0, 0, 0, 0, 0, 0, 0, 0, 29, 47, 1440
"c:\xampp\htdocs\mainProject\pages\teacher\assets\js\pages\charts\jquery-knob.js", "JavaScript", 0, 38, 0, 0, 0, 0, 0, 0, 0, 0, 0, 1, 7, 46
"c:\xampp\htdocs\mainProject\pages\teacher\assets\js\pages\charts\jquery-knob.min.js", "JavaScript", 0, 1, 0, 0, 0, 0, 0, 0, 0, 0, 0, 0, 0, 1
"c:\xampp\htdocs\mainProject\pages\teacher\assets\js\pages\charts\morris.js", "JavaScript", 0, 277, 0, 0, 0, 0, 0, 0, 0, 0, 0, 5, 9, 291
"c:\xampp\htdocs\mainProject\pages\teacher\assets\js\pages\charts\polar_area_chart.js", "JavaScript", 0, 57, 0, 0, 0, 0, 0, 0, 0, 0, 0, 0, 2, 59
"c:\xampp\htdocs\mainProject\pages\teacher\assets\js\pages\charts\sparkline.js", "JavaScript", 0, 150, 0, 0, 0, 0, 0, 0, 0, 0, 0, 24, 23, 197
"c:\xampp\htdocs\mainProject\pages\teacher\assets\js\pages\ecommerce.js", "JavaScript", 0, 147, 0, 0, 0, 0, 0, 0, 0, 0, 0, 6, 11, 164
"c:\xampp\htdocs\mainProject\pages\teacher\assets\js\pages\forms\advanced-form-elements.js", "JavaScript", 0, 83, 0, 0, 0, 0, 0, 0, 0, 0, 0, 18, 17, 118
"c:\xampp\htdocs\mainProject\pages\teacher\assets\js\pages\forms\basic-form-elements.js", "JavaScript", 0, 18, 0, 0, 0, 0, 0, 0, 0, 0, 0, 1, 2, 21
"c:\xampp\htdocs\mainProject\pages\teacher\assets\js\pages\forms\dropify.js", "JavaScript", 0, 19, 0, 0, 0, 0, 0, 0, 0, 0, 0, 0, 3, 22
"c:\xampp\htdocs\mainProject\pages\teacher\assets\js\pages\forms\editors.js", "JavaScript", 0, 4, 0, 0, 0, 0, 0, 0, 0, 0, 0, 1, 1, 6
"c:\xampp\htdocs\mainProject\pages\teacher\assets\js\pages\forms\form-validation.js", "JavaScript", 0, 50, 0, 0, 0, 0, 0, 0, 0, 0, 0, 5, 3, 58
"c:\xampp\htdocs\mainProject\pages\teacher\assets\js\pages\forms\form-wizard.js", "JavaScript", 0, 77, 0, 0, 0, 0, 0, 0, 0, 0, 0, 5, 8, 90
"c:\xampp\htdocs\mainProject\pages\teacher\assets\js\pages\index.js", "JavaScript", 0, 194, 0, 0, 0, 0, 0, 0, 0, 0, 0, 14, 9, 217
"c:\xampp\htdocs\mainProject\pages\teacher\assets\js\pages\maps\google.js", "JavaScript", 0, 81, 0, 0, 0, 0, 0, 0, 0, 0, 0, 7, 10, 98
"c:\xampp\htdocs\mainProject\pages\teacher\assets\js\pages\maps\jvectormap.js", "JavaScript", 0, 79, 0, 0, 0, 0, 0, 0, 0, 0, 0, 0, 5, 84
"c:\xampp\htdocs\mainProject\pages\teacher\assets\js\pages\medias\image-gallery.js", "JavaScript", 0, 6, 0, 0, 0, 0, 0, 0, 0, 0, 0, 0, 0, 6
"c:\xampp\htdocs\mainProject\pages\teacher\assets\js\pages\tables\editable-table.js", "JavaScript", 0, 3, 0, 0, 0, 0, 0, 0, 0, 0, 0, 0, 0, 3
"c:\xampp\htdocs\mainProject\pages\teacher\assets\js\pages\tables\footable.js", "JavaScript", 0, 1, 0, 0, 0, 0, 0, 0, 0, 0, 0, 0, 0, 1
"c:\xampp\htdocs\mainProject\pages\teacher\assets\js\pages\tables\jquery-datatable.js", "JavaScript", 0, 9, 0, 0, 0, 0, 0, 0, 0, 0, 0, 1, 1, 11
"c:\xampp\htdocs\mainProject\pages\teacher\assets\js\pages\ticket-page.js", "JavaScript", 0, 37, 0, 0, 0, 0, 0, 0, 0, 0, 0, 2, 0, 39
"c:\xampp\htdocs\mainProject\pages\teacher\assets\js\pages\todo-js.js", "JavaScript", 0, 45, 0, 0, 0, 0, 0, 0, 0, 0, 0, 0, 15, 60
"c:\xampp\htdocs\mainProject\pages\teacher\assets\js\pages\ui\notifications.js", "JavaScript", 0, 44, 0, 0, 0, 0, 0, 0, 0, 0, 0, 0, 3, 47
"c:\xampp\htdocs\mainProject\pages\teacher\assets\js\pages\ui\range-sliders.js", "JavaScript", 0, 80, 0, 0, 0, 0, 0, 0, 0, 0, 0, 1, 12, 93
"c:\xampp\htdocs\mainProject\pages\teacher\assets\js\pages\ui\sortable-nestable.js", "JavaScript", 0, 8, 0, 0, 0, 0, 0, 0, 0, 0, 0, 0, 2, 10
"c:\xampp\htdocs\mainProject\pages\teacher\assets\js\pages\ui\sweetalert.js", "JavaScript", 0, 166, 0, 0, 0, 0, 0, 0, 0, 0, 0, 1, 12, 179
"c:\xampp\htdocs\mainProject\pages\teacher\assets\js\pages\widgets\infobox\infobox-1.js", "JavaScript", 0, 34, 0, 0, 0, 0, 0, 0, 0, 0, 0, 5, 4, 43
"c:\xampp\htdocs\mainProject\pages\teacher\assets\plugins\bootstrap-colorpicker\css\bootstrap-colorpicker.css", "CSS", 0, 0, 0, 0, 212, 0, 0, 0, 0, 0, 0, 10, 0, 222
"c:\xampp\htdocs\mainProject\pages\teacher\assets\plugins\bootstrap-colorpicker\js\bootstrap-colorpicker.js", "JavaScript", 0, 1023, 0, 0, 0, 0, 0, 0, 0, 0, 0, 50, 34, 1107
"c:\xampp\htdocs\mainProject\pages\teacher\assets\plugins\bootstrap-material-datetimepicker\css\bootstrap-material-datetimepicker.css", "CSS", 0, 0, 0, 0, 38, 0, 0, 0, 0, 0, 0, 0, 12, 50
"c:\xampp\htdocs\mainProject\pages\teacher\assets\plugins\bootstrap-material-datetimepicker\js\bootstrap-material-datetimepicker.js", "JavaScript", 0, 1033, 0, 0, 0, 0, 0, 0, 0, 0, 0, 0, 145, 1178
"c:\xampp\htdocs\mainProject\pages\teacher\assets\plugins\bootstrap-notify\bootstrap-notify.js", "JavaScript", 0, 317, 0, 0, 0, 0, 0, 0, 0, 0, 0, 12, 25, 354
"c:\xampp\htdocs\mainProject\pages\teacher\assets\plugins\bootstrap-select\css\bootstrap-select.css", "CSS", 0, 0, 0, 0, 291, 0, 0, 0, 0, 0, 0, 8, 1, 300
"c:\xampp\htdocs\mainProject\pages\teacher\assets\plugins\bootstrap-tagsinput\bootstrap-tagsinput.css", "CSS", 0, 0, 0, 0, 54, 0, 0, 0, 0, 0, 0, 0, 1, 55
"c:\xampp\htdocs\mainProject\pages\teacher\assets\plugins\bootstrap-tagsinput\bootstrap-tagsinput.js", "JavaScript", 0, 455, 0, 0, 0, 0, 0, 0, 0, 0, 0, 113, 96, 664
"c:\xampp\htdocs\mainProject\pages\teacher\assets\plugins\bootstrap\css\bootstrap.min.css", "CSS", 0, 0, 0, 0, 1, 0, 0, 0, 0, 0, 0, 6, 0, 7
"c:\xampp\htdocs\mainProject\pages\teacher\assets\plugins\chartjs\Chart.bundle.js", "JavaScript", 0, 13616, 0, 0, 0, 0, 0, 0, 0, 0, 0, 2466, 2881, 18963
"c:\xampp\htdocs\mainProject\pages\teacher\assets\plugins\chartjs\polar_area_chart.js", "JavaScript", 0, 119, 0, 0, 0, 0, 0, 0, 0, 0, 0, 6, 22, 147
"c:\xampp\htdocs\mainProject\pages\teacher\assets\plugins\charts-c3\plugin.css", "CSS", 0, 0, 0, 0, 169, 0, 0, 0, 0, 0, 0, 17, 42, 228
"c:\xampp\htdocs\mainProject\pages\teacher\assets\plugins\ckeditor\ckeditor.js", "JavaScript", 0, 995, 0, 0, 0, 0, 0, 0, 0, 0, 0, 4, 0, 999
"c:\xampp\htdocs\mainProject\pages\teacher\assets\plugins\dropify\css\dropify.min.css", "CSS", 0, 0, 0, 0, 2, 0, 0, 0, 0, 0, 0, 6, 0, 8
"c:\xampp\htdocs\mainProject\pages\teacher\assets\plugins\dropify\fonts\dropify.svg", "XML", 0, 0, 0, 0, 0, 0, 13, 0, 0, 0, 0, 0, 0, 13
"c:\xampp\htdocs\mainProject\pages\teacher\assets\plugins\dropify\js\dropify.min.js", "JavaScript", 0, 1, 0, 0, 0, 0, 0, 0, 0, 0, 0, 8, 1, 10
"c:\xampp\htdocs\mainProject\pages\teacher\assets\plugins\dropzone\dropzone.js", "JavaScript", 0, 1598, 0, 0, 0, 0, 0, 0, 0, 0, 0, 59, 111, 1768
"c:\xampp\htdocs\mainProject\pages\teacher\assets\plugins\editable-table\mindmup-editabletable.js", "JavaScript", 0, 126, 0, 0, 0, 0, 0, 0, 0, 0, 0, 1, 5, 132
"c:\xampp\htdocs\mainProject\pages\teacher\assets\plugins\footable-bootstrap\css\footable.bootstrap.min.css", "CSS", 0, 0, 0, 0, 1, 0, 0, 0, 0, 0, 0, 0, 0, 1
"c:\xampp\htdocs\mainProject\pages\teacher\assets\plugins\footable-bootstrap\css\footable.standalone.min.css", "CSS", 0, 0, 0, 0, 726, 0, 0, 0, 0, 0, 0, 0, 114, 840
"c:\xampp\htdocs\mainProject\pages\teacher\assets\plugins\fullcalendar\fullcalendar.min.css", "CSS", 0, 0, 0, 0, 1, 0, 0, 0, 0, 0, 0, 4, 2, 7
"c:\xampp\htdocs\mainProject\pages\teacher\assets\plugins\gmaps\gmaps.js", "JavaScript", 0, 1798, 0, 0, 0, 0, 0, 0, 0, 0, 0, 174, 438, 2410
"c:\xampp\htdocs\mainProject\pages\teacher\assets\plugins\ion-rangeslider\css\ion.rangeSlider.css", "CSS", 0, 0, 0, 0, 670, 0, 0, 0, 0, 0, 0, 5, 1, 676
"c:\xampp\htdocs\mainProject\pages\teacher\assets\plugins\ion-rangeslider\js\ion.rangeSlider.js", "JavaScript", 0, 1741, 0, 0, 0, 0, 0, 0, 0, 0, 0, 214, 495, 2450
"c:\xampp\htdocs\mainProject\pages\teacher\assets\plugins\jquery-datatable\buttons\buttons.bootstrap4.min.js", "JavaScript", 0, 2, 0, 0, 0, 0, 0, 0, 0, 0, 0, 4, 1, 7
"c:\xampp\htdocs\mainProject\pages\teacher\assets\plugins\jquery-datatable\buttons\buttons.colVis.min.js", "JavaScript", 0, 6, 0, 0, 0, 0, 0, 0, 0, 0, 0, 0, 1, 7
"c:\xampp\htdocs\mainProject\pages\teacher\assets\plugins\jquery-datatable\buttons\buttons.flash.min.js", "JavaScript", 0, 32, 0, 0, 0, 0, 0, 0, 0, 0, 0, 0, 1, 33
"c:\xampp\htdocs\mainProject\pages\teacher\assets\plugins\jquery-datatable\buttons\buttons.html5.min.js", "JavaScript", 0, 27, 0, 0, 0, 0, 0, 0, 0, 0, 0, 0, 1, 28
"c:\xampp\htdocs\mainProject\pages\teacher\assets\plugins\jquery-datatable\buttons\buttons.print.min.js", "JavaScript", 0, 4, 0, 0, 0, 0, 0, 0, 0, 0, 0, 0, 1, 5
"c:\xampp\htdocs\mainProject\pages\teacher\assets\plugins\jquery-datatable\buttons\dataTables.buttons.min.js", "JavaScript", 0, 34, 0, 0, 0, 0, 0, 0, 0, 0, 0, 4, 1, 39
"c:\xampp\htdocs\mainProject\pages\teacher\assets\plugins\jquery-datatable\dataTables.bootstrap4.min.css", "CSS", 0, 0, 0, 0, 1, 0, 0, 0, 0, 0, 0, 0, 1, 2
"c:\xampp\htdocs\mainProject\pages\teacher\assets\plugins\jquery-inputmask\jquery.inputmask.bundle.js", "JavaScript", 0, 2581, 0, 0, 0, 0, 0, 0, 0, 0, 0, 7, 29, 2617
"c:\xampp\htdocs\mainProject\pages\teacher\assets\plugins\jquery-knob\jquery.knob.min.js", "JavaScript", 0, 1, 0, 0, 0, 0, 0, 0, 0, 0, 0, 0, 0, 1
"c:\xampp\htdocs\mainProject\pages\teacher\assets\plugins\jquery-sparkline\jquery.sparkline.js", "JavaScript", 0, 2454, 0, 0, 0, 0, 0, 0, 0, 0, 0, 350, 260, 3064
"c:\xampp\htdocs\mainProject\pages\teacher\assets\plugins\jquery-spinner\css\bootstrap-spinner.css", "CSS", 0, 0, 0, 0, 60, 0, 0, 0, 0, 0, 0, 1, 0, 61
"c:\xampp\htdocs\mainProject\pages\teacher\assets\plugins\jquery-spinner\js\jquery.spinner.js", "JavaScript", 0, 198, 0, 0, 0, 0, 0, 0, 0, 0, 0, 12, 45, 255
"c:\xampp\htdocs\mainProject\pages\teacher\assets\plugins\jquery-steps\jquery.steps.css", "CSS", 0, 0, 0, 0, 313, 0, 0, 0, 0, 0, 0, 10, 59, 382
"c:\xampp\htdocs\mainProject\pages\teacher\assets\plugins\jquery-steps\jquery.steps.js", "JavaScript", 0, 868, 0, 0, 0, 0, 0, 0, 0, 0, 0, 942, 232, 2042
"c:\xampp\htdocs\mainProject\pages\teacher\assets\plugins\jquery-validation\jquery.validate.js", "JavaScript", 0, 1173, 0, 0, 0, 0, 0, 0, 0, 0, 0, 173, 228, 1574
"c:\xampp\htdocs\mainProject\pages\teacher\assets\plugins\jvectormap\jquery-jvectormap-2.0.3.css", "CSS", 0, 0, 0, 0, 113, 0, 0, 0, 0, 0, 0, 0, 22, 135
"c:\xampp\htdocs\mainProject\pages\teacher\assets\plugins\jvectormap\jquery-jvectormap-2.0.3.min.css", "CSS", 0, 0, 0, 0, 23, 0, 0, 0, 0, 0, 0, 0, 0, 23
"c:\xampp\htdocs\mainProject\pages\teacher\assets\plugins\jvectormap\jquery-jvectormap-au-mill.js", "JavaScript", 0, 1, 0, 0, 0, 0, 0, 0, 0, 0, 0, 0, 0, 1
"c:\xampp\htdocs\mainProject\pages\teacher\assets\plugins\jvectormap\jquery-jvectormap-in-mill.js", "JavaScript", 0, 1, 0, 0, 0, 0, 0, 0, 0, 0, 0, 0, 0, 1
"c:\xampp\htdocs\mainProject\pages\teacher\assets\plugins\jvectormap\jquery-jvectormap-uk-mill-en.js", "JavaScript", 0, 1, 0, 0, 0, 0, 0, 0, 0, 0, 0, 0, 0, 1
"c:\xampp\htdocs\mainProject\pages\teacher\assets\plugins\jvectormap\jquery-jvectormap-us-aea-en.js", "JavaScript", 0, 1, 0, 0, 0, 0, 0, 0, 0, 0, 0, 0, 0, 1
"c:\xampp\htdocs\mainProject\pages\teacher\assets\plugins\jvectormap\jquery-jvectormap-world-mill-en.js", "JavaScript", 0, 1, 0, 0, 0, 0, 0, 0, 0, 0, 0, 0, 0, 1
"c:\xampp\htdocs\mainProject\pages\teacher\assets\plugins\light-gallery\css\lightgallery.css", "CSS", 0, 0, 0, 0, 816, 0, 0, 0, 0, 0, 0, 5, 26, 847
"c:\xampp\htdocs\mainProject\pages\teacher\assets\plugins\light-gallery\fonts\lgd641.svg", "XML", 0, 0, 0, 0, 0, 0, 42, 0, 0, 0, 0, 0, 0, 42
"c:\xampp\htdocs\mainProject\pages\teacher\assets\plugins\light-gallery\js\lightgallery-all.min.js", "JavaScript", 0, 2, 0, 0, 0, 0, 0, 0, 0, 0, 0, 3, 0, 5
"c:\xampp\htdocs\mainProject\pages\teacher\assets\plugins\momentjs\moment.js", "JavaScript", 0, 3163, 0, 0, 0, 0, 0, 0, 0, 0, 0, 335, 697, 4195
"c:\xampp\htdocs\mainProject\pages\teacher\assets\plugins\morrisjs\morris.css", "CSS", 0, 0, 0, 0, 2, 0, 0, 0, 0, 0, 0, 0, 1, 3
"c:\xampp\htdocs\mainProject\pages\teacher\assets\plugins\morrisjs\morris.min.css", "CSS", 0, 0, 0, 0, 5, 0, 0, 0, 0, 0, 0, 0, 0, 5
"c:\xampp\htdocs\mainProject\pages\teacher\assets\plugins\multi-select\css\multi-select.css", "CSS", 0, 0, 0, 0, 83, 0, 0, 0, 0, 0, 0, 0, 10, 93
"c:\xampp\htdocs\mainProject\pages\teacher\assets\plugins\multi-select\js\jquery.multi-select.js", "JavaScript", 0, 441, 0, 0, 0, 0, 0, 0, 0, 0, 0, 14, 82, 537
"c:\xampp\htdocs\mainProject\pages\teacher\assets\plugins\nestable\jquery.nestable.js", "JavaScript", 0, 393, 0, 0, 0, 0, 0, 0, 0, 0, 0, 38, 54, 485
"c:\xampp\htdocs\mainProject\pages\teacher\assets\plugins\nouislider\nouislider.js", "JavaScript", 0, 1183, 0, 0, 0, 0, 0, 0, 0, 0, 0, 324, 452, 1959
"c:\xampp\htdocs\mainProject\pages\teacher\assets\plugins\nouislider\nouislider.min.css", "CSS", 0, 0, 0, 0, 1, 0, 0, 0, 0, 0, 0, 1, 2, 4
"c:\xampp\htdocs\mainProject\pages\teacher\assets\plugins\select2\select2.css", "CSS", 0, 0, 0, 0, 552, 0, 0, 0, 0, 0, 0, 18, 123, 693
"c:\xampp\htdocs\mainProject\pages\teacher\assets\plugins\select2\select2.min.js", "JavaScript", 0, 3, 0, 0, 0, 0, 0, 0, 0, 0, 0, 20, 0, 23
"c:\xampp\htdocs\mainProject\pages\teacher\assets\plugins\summernote\dist\summernote.css", "CSS", 0, 0, 0, 0, 525, 0, 0, 0, 0, 0, 0, 0, 119, 644
"c:\xampp\htdocs\mainProject\pages\teacher\assets\plugins\summernote\dist\summernote.js", "JavaScript", 0, 3259, 0, 0, 0, 0, 0, 0, 0, 0, 0, 95, 2, 3356
"c:\xampp\htdocs\mainProject\pages\teacher\assets\plugins\sweetalert\sweetalert.css", "CSS", 0, 0, 0, 0, 845, 0, 0, 0, 0, 0, 0, 18, 70, 933
"c:\xampp\htdocs\mainProject\pages\teacher\assets\plugins\sweetalert\sweetalert.min.js", "JavaScript", 0, 1, 0, 0, 0, 0, 0, 0, 0, 0, 0, 0, 0, 1
"c:\xampp\htdocs\mainProject\pages\teacher\t_addmarks.php", "PHP", 262, 0, 0, 0, 0, 0, 0, 0, 0, 0, 0, 1, 26, 289
"c:\xampp\htdocs\mainProject\pages\teacher\t_announcement.php", "PHP", 316, 0, 0, 0, 0, 0, 0, 0, 0, 0, 0, 0, 22, 338
"c:\xampp\htdocs\mainProject\pages\teacher\t_assignmentPage.php", "PHP", 291, 0, 0, 0, 0, 0, 0, 0, 0, 0, 0, 0, 32, 323
"c:\xampp\htdocs\mainProject\pages\teacher\t_calculateatt.php", "PHP", 365, 0, 0, 0, 0, 0, 0, 0, 0, 0, 0, 0, 40, 405
"c:\xampp\htdocs\mainProject\pages\teacher\t_chat.php", "PHP", 252, 0, 0, 0, 0, 0, 0, 0, 0, 0, 0, 14, 51, 317
"c:\xampp\htdocs\mainProject\pages\teacher\t_classes.php", "PHP", 476, 0, 0, 0, 0, 0, 0, 0, 0, 0, 0, 0, 42, 518
"c:\xampp\htdocs\mainProject\pages\teacher\t_index.php", "PHP", 155, 0, 0, 0, 0, 0, 0, 0, 0, 0, 0, 0, 18, 173
"c:\xampp\htdocs\mainProject\pages\teacher\t_markattendance.php", "PHP", 685, 0, 0, 0, 0, 0, 0, 0, 0, 0, 0, 2, 68, 755
"c:\xampp\htdocs\mainProject\pages\teacher\t_notes.php", "PHP", 262, 0, 0, 0, 0, 0, 0, 0, 0, 0, 0, 0, 23, 285
"c:\xampp\htdocs\mainProject\pages\teacher\t_profile.php", "PHP", 182, 0, 0, 0, 0, 0, 0, 0, 0, 0, 0, 0, 16, 198
"c:\xampp\htdocs\mainProject\pages\teacher\t_profileedit.php", "PHP", 170, 0, 0, 0, 0, 0, 0, 0, 0, 0, 0, 0, 17, 187
"c:\xampp\htdocs\mainProject\pages\teacher\t_questions.php", "PHP", 321, 0, 0, 0, 0, 0, 0, 0, 0, 0, 0, 0, 29, 350
"c:\xampp\htdocs\mainProject\pages\teacher\t_resources.php", "PHP", 240, 0, 0, 0, 0, 0, 0, 0, 0, 0, 0, 0, 23, 263
"c:\xampp\htdocs\mainProject\pages\teacher\t_viewAssignment.php", "PHP", 336, 0, 0, 0, 0, 0, 0, 0, 0, 0, 0, 0, 26, 362
"c:\xampp\htdocs\mainProject\pages\teacher\t_viewQuiz.php", "PHP", 292, 0, 0, 0, 0, 0, 0, 0, 0, 0, 0, 0, 29, 321
"c:\xampp\htdocs\mainProject\pages\teacher\t_viewSubject.php", "PHP", 334, 0, 0, 0, 0, 0, 0, 0, 0, 0, 0, 0, 36, 370
"c:\xampp\htdocs\mainProject\pages\teacher\t_viewanswers.php", "PHP", 238, 0, 0, 0, 0, 0, 0, 0, 0, 0, 0, 0, 23, 261
"c:\xampp\htdocs\mainProject\pages\teacher\t_viewattendanceBD.php", "PHP", 591, 0, 0, 0, 0, 0, 0, 0, 0, 0, 0, 4, 64, 659
"c:\xampp\htdocs\mainProject\pages\teacher\t_viewbyrank.php", "PHP", 184, 0, 0, 0, 0, 0, 0, 0, 0, 0, 0, 0, 22, 206
"c:\xampp\htdocs\mainProject\php\PHPMailer\.codecov.yml", "YAML", 0, 0, 0, 0, 0, 0, 0, 0, 18, 0, 0, 1, 3, 22
"c:\xampp\htdocs\mainProject\php\PHPMailer\.github\FUNDING.yml", "YAML", 0, 0, 0, 0, 0, 0, 0, 0, 4, 0, 0, 1, 2, 7
"c:\xampp\htdocs\mainProject\php\PHPMailer\.github\ISSUE_TEMPLATE\bug_report.md", "Markdown", 0, 0, 0, 0, 0, 17, 0, 0, 0, 0, 0, 0, 7, 24
"c:\xampp\htdocs\mainProject\php\PHPMailer\.github\actions\build-docs\Dockerfile", "Docker", 0, 0, 0, 0, 0, 0, 0, 0, 0, 9, 0, 1, 6, 16
"c:\xampp\htdocs\mainProject\php\PHPMailer\.github\actions\build-docs\entrypoint.sh", "Shell Script", 0, 0, 0, 0, 0, 0, 0, 2, 0, 0, 0, 1, 3, 6
"c:\xampp\htdocs\mainProject\php\PHPMailer\.github\dependabot.yml", "YAML", 0, 0, 0, 0, 0, 0, 0, 0, 9, 0, 0, 4, 2, 15
"c:\xampp\htdocs\mainProject\php\PHPMailer\.github\workflows\docs.yaml", "YAML", 0, 0, 0, 0, 0, 0, 0, 0, 28, 0, 0, 0, 2, 30
"c:\xampp\htdocs\mainProject\php\PHPMailer\.github\workflows\scorecards.yml", "YAML", 0, 0, 0, 0, 0, 0, 0, 0, 38, 0, 0, 17, 8, 63
"c:\xampp\htdocs\mainProject\php\PHPMailer\.github\workflows\tests.yml", "YAML", 0, 0, 0, 0, 0, 0, 0, 0, 133, 0, 0, 16, 30, 179
"c:\xampp\htdocs\mainProject\php\PHPMailer\.phan\config.php", "PHP", 13, 0, 0, 0, 0, 0, 0, 0, 0, 0, 0, 23, 6, 42
"c:\xampp\htdocs\mainProject\php\PHPMailer\README.md", "Markdown", 0, 0, 0, 0, 0, 167, 0, 0, 0, 0, 0, 0, 64, 231
"c:\xampp\htdocs\mainProject\php\PHPMailer\SECURITY.md", "Markdown", 0, 0, 0, 0, 0, 19, 0, 0, 0, 0, 0, 0, 19, 38
"c:\xampp\htdocs\mainProject\php\PHPMailer\UPGRADING.md", "Markdown", 0, 0, 0, 0, 0, 99, 0, 0, 0, 0, 0, 0, 27, 126
"c:\xampp\htdocs\mainProject\php\PHPMailer\changelog.md", "Markdown", 0, 0, 0, 0, 0, 916, 0, 0, 0, 0, 0, 0, 119, 1035
"c:\xampp\htdocs\mainProject\php\PHPMailer\composer.json", "JSON", 0, 0, 0, 78, 0, 0, 0, 0, 0, 0, 0, 0, 1, 79
"c:\xampp\htdocs\mainProject\php\PHPMailer\docs\README.md", "Markdown", 0, 0, 0, 0, 0, 5, 0, 0, 0, 0, 0, 0, 4, 9
"c:\xampp\htdocs\mainProject\php\PHPMailer\examples\README.md", "Markdown", 0, 0, 0, 0, 0, 52, 0, 0, 0, 0, 0, 0, 44, 96
"c:\xampp\htdocs\mainProject\php\PHPMailer\examples\contents.html", "HTML", 0, 0, 17, 0, 0, 0, 0, 0, 0, 0, 0, 0, 1, 18
"c:\xampp\htdocs\mainProject\php\PHPMailer\examples\contentsutf8.html", "HTML", 0, 0, 23, 0, 0, 0, 0, 0, 0, 0, 0, 0, 1, 24
"c:\xampp\htdocs\mainProject\php\PHPMailer\examples\images\PHPMailer card logo.svg", "XML", 0, 0, 0, 0, 0, 0, 209, 0, 0, 0, 0, 0, 1, 210
"c:\xampp\htdocs\mainProject\php\PHPMailer\get_oauth_token.php", "PHP", 117, 0, 0, 0, 0, 0, 0, 0, 0, 0, 0, 48, 18, 183
"c:\xampp\htdocs\mainProject\php\PHPMailer\language\phpmailer.lang-af.php", "PHP", 20, 0, 0, 0, 0, 0, 0, 0, 0, 0, 0, 4, 3, 27
"c:\xampp\htdocs\mainProject\php\PHPMailer\language\phpmailer.lang-ar.php", "PHP", 20, 0, 0, 0, 0, 0, 0, 0, 0, 0, 0, 5, 3, 28
"c:\xampp\htdocs\mainProject\php\PHPMailer\language\phpmailer.lang-az.php", "PHP", 19, 0, 0, 0, 0, 0, 0, 0, 0, 0, 0, 6, 3, 28
"c:\xampp\htdocs\mainProject\php\PHPMailer\language\phpmailer.lang-ba.php", "PHP", 20, 0, 0, 0, 0, 0, 0, 0, 0, 0, 0, 5, 3, 28
"c:\xampp\htdocs\mainProject\php\PHPMailer\language\phpmailer.lang-be.php", "PHP", 19, 0, 0, 0, 0, 0, 0, 0, 0, 0, 0, 6, 3, 28
"c:\xampp\htdocs\mainProject\php\PHPMailer\language\phpmailer.lang-bg.php", "PHP", 20, 0, 0, 0, 0, 0, 0, 0, 0, 0, 0, 5, 3, 28
"c:\xampp\htdocs\mainProject\php\PHPMailer\language\phpmailer.lang-ca.php", "PHP", 19, 0, 0, 0, 0, 0, 0, 0, 0, 0, 0, 6, 3, 28
"c:\xampp\htdocs\mainProject\php\PHPMailer\language\phpmailer.lang-cs.php", "PHP", 22, 0, 0, 0, 0, 0, 0, 0, 0, 0, 0, 4, 3, 29
"c:\xampp\htdocs\mainProject\php\PHPMailer\language\phpmailer.lang-da.php", "PHP", 26, 0, 0, 0, 0, 0, 0, 0, 0, 0, 0, 7, 3, 36
"c:\xampp\htdocs\mainProject\php\PHPMailer\language\phpmailer.lang-de.php", "PHP", 22, 0, 0, 0, 0, 0, 0, 0, 0, 0, 0, 4, 3, 29
"c:\xampp\htdocs\mainProject\php\PHPMailer\language\phpmailer.lang-el.php", "PHP", 27, 0, 0, 0, 0, 0, 0, 0, 0, 0, 0, 4, 3, 34
"c:\xampp\htdocs\mainProject\php\PHPMailer\language\phpmailer.lang-eo.php", "PHP", 20, 0, 0, 0, 0, 0, 0, 0, 0, 0, 0, 4, 3, 27
"c:\xampp\htdocs\mainProject\php\PHPMailer\language\phpmailer.lang-es.php", "PHP", 23, 0, 0, 0, 0, 0, 0, 0, 0, 0, 0, 6, 3, 32
"c:\xampp\htdocs\mainProject\php\PHPMailer\language\phpmailer.lang-et.php", "PHP", 20, 0, 0, 0, 0, 0, 0, 0, 0, 0, 0, 6, 3, 29
"c:\xampp\htdocs\mainProject\php\PHPMailer\language\phpmailer.lang-fa.php", "PHP", 20, 0, 0, 0, 0, 0, 0, 0, 0, 0, 0, 6, 3, 29
"c:\xampp\htdocs\mainProject\php\PHPMailer\language\phpmailer.lang-fi.php", "PHP", 14, 0, 0, 0, 0, 0, 0, 0, 0, 0, 0, 12, 3, 29
"c:\xampp\htdocs\mainProject\php\PHPMailer\language\phpmailer.lang-fo.php", "PHP", 13, 0, 0, 0, 0, 0, 0, 0, 0, 0, 0, 12, 3, 28
"c:\xampp\htdocs\mainProject\php\PHPMailer\language\phpmailer.lang-fr.php", "PHP", 28, 0, 0, 0, 0, 0, 0, 0, 0, 0, 0, 8, 3, 39
"c:\xampp\htdocs\mainProject\php\PHPMailer\language\phpmailer.lang-gl.php", "PHP", 19, 0, 0, 0, 0, 0, 0, 0, 0, 0, 0, 6, 3, 28
"c:\xampp\htdocs\mainProject\php\PHPMailer\language\phpmailer.lang-he.php", "PHP", 19, 0, 0, 0, 0, 0, 0, 0, 0, 0, 0, 6, 3, 28
"c:\xampp\htdocs\mainProject\php\PHPMailer\language\phpmailer.lang-hi.php", "PHP", 27, 0, 0, 0, 0, 0, 0, 0, 0, 0, 0, 6, 3, 36
"c:\xampp\htdocs\mainProject\php\PHPMailer\language\phpmailer.lang-hr.php", "PHP", 20, 0, 0, 0, 0, 0, 0, 0, 0, 0, 0, 5, 3, 28
"c:\xampp\htdocs\mainProject\php\PHPMailer\language\phpmailer.lang-hu.php", "PHP", 20, 0, 0, 0, 0, 0, 0, 0, 0, 0, 0, 5, 3, 28
"c:\xampp\htdocs\mainProject\php\PHPMailer\language\phpmailer.lang-hy.php", "PHP", 20, 0, 0, 0, 0, 0, 0, 0, 0, 0, 0, 5, 3, 28
"c:\xampp\htdocs\mainProject\php\PHPMailer\language\phpmailer.lang-id.php", "PHP", 22, 0, 0, 0, 0, 0, 0, 0, 0, 0, 0, 7, 3, 32
"c:\xampp\htdocs\mainProject\php\PHPMailer\language\phpmailer.lang-it.php", "PHP", 20, 0, 0, 0, 0, 0, 0, 0, 0, 0, 0, 6, 3, 29
"c:\xampp\htdocs\mainProject\php\PHPMailer\language\phpmailer.lang-ja.php", "PHP", 20, 0, 0, 0, 0, 0, 0, 0, 0, 0, 0, 7, 3, 30
"c:\xampp\htdocs\mainProject\php\PHPMailer\language\phpmailer.lang-ka.php", "PHP", 20, 0, 0, 0, 0, 0, 0, 0, 0, 0, 0, 5, 3, 28
"c:\xampp\htdocs\mainProject\php\PHPMailer\language\phpmailer.lang-ko.php", "PHP", 20, 0, 0, 0, 0, 0, 0, 0, 0, 0, 0, 5, 3, 28
"c:\xampp\htdocs\mainProject\php\PHPMailer\language\phpmailer.lang-lt.php", "PHP", 19, 0, 0, 0, 0, 0, 0, 0, 0, 0, 0, 6, 3, 28
"c:\xampp\htdocs\mainProject\php\PHPMailer\language\phpmailer.lang-lv.php", "PHP", 19, 0, 0, 0, 0, 0, 0, 0, 0, 0, 0, 6, 3, 28
"c:\xampp\htdocs\mainProject\php\PHPMailer\language\phpmailer.lang-mg.php", "PHP", 20, 0, 0, 0, 0, 0, 0, 0, 0, 0, 0, 5, 3, 28
"c:\xampp\htdocs\mainProject\php\PHPMailer\language\phpmailer.lang-mn.php", "PHP", 20, 0, 0, 0, 0, 0, 0, 0, 0, 0, 0, 5, 3, 28
"c:\xampp\htdocs\mainProject\php\PHPMailer\language\phpmailer.lang-ms.php", "PHP", 20, 0, 0, 0, 0, 0, 0, 0, 0, 0, 0, 5, 3, 28
"c:\xampp\htdocs\mainProject\php\PHPMailer\language\phpmailer.lang-nb.php", "PHP", 20, 0, 0, 0, 0, 0, 0, 0, 0, 0, 0, 4, 3, 27
"c:\xampp\htdocs\mainProject\php\PHPMailer\language\phpmailer.lang-nl.php", "PHP", 27, 0, 0, 0, 0, 0, 0, 0, 0, 0, 0, 5, 3, 35
"c:\xampp\htdocs\mainProject\php\PHPMailer\language\phpmailer.lang-pl.php", "PHP", 20, 0, 0, 0, 0, 0, 0, 0, 0, 0, 0, 4, 3, 27
"c:\xampp\htdocs\mainProject\php\PHPMailer\language\phpmailer.lang-pt.php", "PHP", 20, 0, 0, 0, 0, 0, 0, 0, 0, 0, 0, 5, 3, 28
"c:\xampp\htdocs\mainProject\php\PHPMailer\language\phpmailer.lang-pt_br.php", "PHP", 27, 0, 0, 0, 0, 0, 0, 0, 0, 0, 0, 9, 3, 39
"c:\xampp\htdocs\mainProject\php\PHPMailer\language\phpmailer.lang-ro.php", "PHP", 27, 0, 0, 0, 0, 0, 0, 0, 0, 0, 0, 4, 3, 34
"c:\xampp\htdocs\mainProject\php\PHPMailer\language\phpmailer.lang-ru.php", "PHP", 20, 0, 0, 0, 0, 0, 0, 0, 0, 0, 0, 6, 3, 29
"c:\xampp\htdocs\mainProject\php\PHPMailer\language\phpmailer.lang-sk.php", "PHP", 22, 0, 0, 0, 0, 0, 0, 0, 0, 0, 0, 6, 3, 31
"c:\xampp\htdocs\mainProject\php\PHPMailer\language\phpmailer.lang-sl.php", "PHP", 27, 0, 0, 0, 0, 0, 0, 0, 0, 0, 0, 7, 3, 37
"c:\xampp\htdocs\mainProject\php\PHPMailer\language\phpmailer.lang-sr.php", "PHP", 20, 0, 0, 0, 0, 0, 0, 0, 0, 0, 0, 6, 3, 29
"c:\xampp\htdocs\mainProject\php\PHPMailer\language\phpmailer.lang-sr_latn.php", "PHP", 20, 0, 0, 0, 0, 0, 0, 0, 0, 0, 0, 6, 3, 29
"c:\xampp\htdocs\mainProject\php\PHPMailer\language\phpmailer.lang-sv.php", "PHP", 19, 0, 0, 0, 0, 0, 0, 0, 0, 0, 0, 6, 3, 28
"c:\xampp\htdocs\mainProject\php\PHPMailer\language\phpmailer.lang-tl.php", "PHP", 20, 0, 0, 0, 0, 0, 0, 0, 0, 0, 0, 6, 3, 29
"c:\xampp\htdocs\mainProject\php\PHPMailer\language\phpmailer.lang-tr.php", "PHP", 20, 0, 0, 0, 0, 0, 0, 0, 0, 0, 0, 9, 3, 32
"c:\xampp\htdocs\mainProject\php\PHPMailer\language\phpmailer.lang-uk.php", "PHP", 20, 0, 0, 0, 0, 0, 0, 0, 0, 0, 0, 6, 3, 29
"c:\xampp\htdocs\mainProject\php\PHPMailer\language\phpmailer.lang-vi.php", "PHP", 19, 0, 0, 0, 0, 0, 0, 0, 0, 0, 0, 6, 3, 28
"c:\xampp\htdocs\mainProject\php\PHPMailer\language\phpmailer.lang-zh.php", "PHP", 20, 0, 0, 0, 0, 0, 0, 0, 0, 0, 0, 7, 3, 30
"c:\xampp\htdocs\mainProject\php\PHPMailer\language\phpmailer.lang-zh_cn.php", "PHP", 20, 0, 0, 0, 0, 0, 0, 0, 0, 0, 0, 7, 3, 30
"c:\xampp\htdocs\mainProject\php\PHPMailer\phpdoc.dist.xml", "XML", 0, 0, 0, 0, 0, 0, 20, 0, 0, 0, 0, 0, 1, 21
"c:\xampp\htdocs\mainProject\php\PHPMailer\src\Exception.php", "PHP", 9, 0, 0, 0, 0, 0, 0, 0, 0, 0, 0, 28, 4, 41
"c:\xampp\htdocs\mainProject\php\PHPMailer\src\OAuth.php", "PHP", 46, 0, 0, 0, 0, 0, 0, 0, 0, 0, 0, 79, 15, 140
"c:\xampp\htdocs\mainProject\php\PHPMailer\src\OAuthTokenProvider.php", "PHP", 6, 0, 0, 0, 0, 0, 0, 0, 0, 0, 0, 35, 4, 45
"c:\xampp\htdocs\mainProject\php\PHPMailer\src\PHPMailer.php", "PHP", 2854, 0, 0, 0, 0, 0, 0, 0, 0, 0, 0, 1890, 383, 5127
"c:\xampp\htdocs\mainProject\php\PHPMailer\src\POP3.php", "PHP", 181, 0, 0, 0, 0, 0, 0, 0, 0, 0, 0, 234, 53, 468
"c:\xampp\htdocs\mainProject\php\PHPMailer\src\SMTP.php", "PHP", 720, 0, 0, 0, 0, 0, 0, 0, 0, 0, 0, 599, 141, 1460
"c:\xampp\htdocs\mainProject\php\PHPMailer\test\DebugLogTestListener.php", "PHP", 25, 0, 0, 0, 0, 0, 0, 0, 0, 0, 0, 13, 10, 48
"c:\xampp\htdocs\mainProject\php\PHPMailer\test\Fixtures\LocalizationTest\phpmailer.lang-fr.php", "PHP", 2, 0, 0, 0, 0, 0, 0, 0, 0, 0, 0, 6, 3, 11
"c:\xampp\htdocs\mainProject\php\PHPMailer\test\Fixtures\LocalizationTest\phpmailer.lang-nl.php", "PHP", 2, 0, 0, 0, 0, 0, 0, 0, 0, 0, 0, 6, 3, 11
"c:\xampp\htdocs\mainProject\php\PHPMailer\test\Fixtures\LocalizationTest\phpmailer.lang-xa_scri_cc.php", "PHP", 2, 0, 0, 0, 0, 0, 0, 0, 0, 0, 0, 5, 3, 10
"c:\xampp\htdocs\mainProject\php\PHPMailer\test\Fixtures\LocalizationTest\phpmailer.lang-xb_scri.php", "PHP", 2, 0, 0, 0, 0, 0, 0, 0, 0, 0, 0, 5, 3, 10
"c:\xampp\htdocs\mainProject\php\PHPMailer\test\Fixtures\LocalizationTest\phpmailer.lang-xc_cc.php", "PHP", 2, 0, 0, 0, 0, 0, 0, 0, 0, 0, 0, 5, 3, 10
"c:\xampp\htdocs\mainProject\php\PHPMailer\test\Fixtures\LocalizationTest\phpmailer.lang-xd_cc.php", "PHP", 2, 0, 0, 0, 0, 0, 0, 0, 0, 0, 0, 5, 3, 10
"c:\xampp\htdocs\mainProject\php\PHPMailer\test\Fixtures\LocalizationTest\phpmailer.lang-xd_scri.php", "PHP", 2, 0, 0, 0, 0, 0, 0, 0, 0, 0, 0, 5, 3, 10
"c:\xampp\htdocs\mainProject\php\PHPMailer\test\Fixtures\LocalizationTest\phpmailer.lang-xe.php", "PHP", 2, 0, 0, 0, 0, 0, 0, 0, 0, 0, 0, 5, 3, 10
"c:\xampp\htdocs\mainProject\php\PHPMailer\test\Fixtures\LocalizationTest\phpmailer.lang-xx.php", "PHP", 2, 0, 0, 0, 0, 0, 0, 0, 0, 0, 0, 5, 3, 10
"c:\xampp\htdocs\mainProject\php\PHPMailer\test\Fixtures\LocalizationTest\phpmailer.lang-yy.php", "PHP", 8, 0, 0, 0, 0, 0, 0, 0, 0, 0, 0, 5, 5, 18
"c:\xampp\htdocs\mainProject\php\PHPMailer\test\Fixtures\LocalizationTest\phpmailer.lang-zz.php", "PHP", 8, 0, 0, 0, 0, 0, 0, 0, 0, 0, 0, 8, 5, 21
"c:\xampp\htdocs\mainProject\php\PHPMailer\test\Language\TranslationCompletenessTest.php", "PHP", 51, 0, 0, 0, 0, 0, 0, 0, 0, 0, 0, 36, 11, 98
"c:\xampp\htdocs\mainProject\php\PHPMailer\test\OAuth\OAuthTest.php", "PHP", 48, 0, 0, 0, 0, 0, 0, 0, 0, 0, 0, 21, 8, 77
"c:\xampp\htdocs\mainProject\php\PHPMailer\test\PHPMailer\AddEmbeddedImageTest.php", "PHP", 104, 0, 0, 0, 0, 0, 0, 0, 0, 0, 0, 53, 22, 179
"c:\xampp\htdocs\mainProject\php\PHPMailer\test\PHPMailer\AddStringAttachmentTest.php", "PHP", 80, 0, 0, 0, 0, 0, 0, 0, 0, 0, 0, 48, 20, 148
"c:\xampp\htdocs\mainProject\php\PHPMailer\test\PHPMailer\AddStringEmbeddedImageTest.php", "PHP", 95, 0, 0, 0, 0, 0, 0, 0, 0, 0, 0, 47, 20, 162
"c:\xampp\htdocs\mainProject\php\PHPMailer\test\PHPMailer\AddrFormatTest.php", "PHP", 36, 0, 0, 0, 0, 0, 0, 0, 0, 0, 0, 29, 6, 71
"c:\xampp\htdocs\mainProject\php\PHPMailer\test\PHPMailer\AuthCRAMMD5Test.php", "PHP", 25, 0, 0, 0, 0, 0, 0, 0, 0, 0, 0, 18, 6, 49
"c:\xampp\htdocs\mainProject\php\PHPMailer\test\PHPMailer\CustomHeaderTest.php", "PHP", 152, 0, 0, 0, 0, 0, 0, 0, 0, 0, 0, 58, 16, 226
"c:\xampp\htdocs\mainProject\php\PHPMailer\test\PHPMailer\DKIMTest.php", "PHP", 156, 0, 0, 0, 0, 0, 0, 0, 0, 0, 0, 84, 35, 275
"c:\xampp\htdocs\mainProject\php\PHPMailer\test\PHPMailer\EncodeQTest.php", "PHP", 73, 0, 0, 0, 0, 0, 0, 0, 0, 0, 0, 30, 8, 111
"c:\xampp\htdocs\mainProject\php\PHPMailer\test\PHPMailer\EncodeStringTest.php", "PHP", 84, 0, 0, 0, 0, 0, 0, 0, 0, 0, 0, 40, 12, 136
"c:\xampp\htdocs\mainProject\php\PHPMailer\test\PHPMailer\FileIsAccessibleTest.php", "PHP", 53, 0, 0, 0, 0, 0, 0, 0, 0, 0, 0, 38, 13, 104
"c:\xampp\htdocs\mainProject\php\PHPMailer\test\PHPMailer\FilenameToTypeTest.php", "PHP", 41, 0, 0, 0, 0, 0, 0, 0, 0, 0, 0, 28, 6, 75
"c:\xampp\htdocs\mainProject\php\PHPMailer\test\PHPMailer\GenerateIdTest.php", "PHP", 38, 0, 0, 0, 0, 0, 0, 0, 0, 0, 0, 30, 8, 76
"c:\xampp\htdocs\mainProject\php\PHPMailer\test\PHPMailer\GetLastMessageIDTest.php", "PHP", 57, 0, 0, 0, 0, 0, 0, 0, 0, 0, 0, 43, 11, 111
"c:\xampp\htdocs\mainProject\php\PHPMailer\test\PHPMailer\HasLineLongerThanMaxTest.php", "PHP", 76, 0, 0, 0, 0, 0, 0, 0, 0, 0, 0, 31, 12, 119
"c:\xampp\htdocs\mainProject\php\PHPMailer\test\PHPMailer\Html2TextTest.php", "PHP", 165, 0, 0, 0, 0, 0, 0, 0, 0, 0, 0, 55, 12, 232
"c:\xampp\htdocs\mainProject\php\PHPMailer\test\PHPMailer\ICalTest.php", "PHP", 90, 0, 0, 0, 0, 0, 0, 0, 0, 0, 0, 29, 8, 127
"c:\xampp\htdocs\mainProject\php\PHPMailer\test\PHPMailer\IsPermittedPathTest.php", "PHP", 73, 0, 0, 0, 0, 0, 0, 0, 0, 0, 0, 28, 8, 109
"c:\xampp\htdocs\mainProject\php\PHPMailer\test\PHPMailer\IsValidHostTest.php", "PHP", 61, 0, 0, 0, 0, 0, 0, 0, 0, 0, 0, 39, 8, 108
"c:\xampp\htdocs\mainProject\php\PHPMailer\test\PHPMailer\LocalizationTest.php", "PHP", 329, 0, 0, 0, 0, 0, 0, 0, 0, 0, 0, 111, 41, 481
"c:\xampp\htdocs\mainProject\php\PHPMailer\test\PHPMailer\MailTransportTest.php", "PHP", 63, 0, 0, 0, 0, 0, 0, 0, 0, 0, 0, 30, 16, 109
"c:\xampp\htdocs\mainProject\php\PHPMailer\test\PHPMailer\MbPathinfoTest.php", "PHP", 123, 0, 0, 0, 0, 0, 0, 0, 0, 0, 0, 41, 8, 172
"c:\xampp\htdocs\mainProject\php\PHPMailer\test\PHPMailer\MimeTypesTest.php", "PHP", 37, 0, 0, 0, 0, 0, 0, 0, 0, 0, 0, 28, 6, 71
"c:\xampp\htdocs\mainProject\php\PHPMailer\test\PHPMailer\NormalizeBreaksTest.php", "PHP", 65, 0, 0, 0, 0, 0, 0, 0, 0, 0, 0, 36, 11, 112
"c:\xampp\htdocs\mainProject\php\PHPMailer\test\PHPMailer\PHPMailerTest.php", "PHP", 903, 0, 0, 0, 0, 0, 0, 0, 0, 0, 0, 209, 135, 1247
"c:\xampp\htdocs\mainProject\php\PHPMailer\test\PHPMailer\ParseAddressesTest.php", "PHP", 244, 0, 0, 0, 0, 0, 0, 0, 0, 0, 0, 91, 21, 356
"c:\xampp\htdocs\mainProject\php\PHPMailer\test\PHPMailer\PunyencodeAddressTest.php", "PHP", 80, 0, 0, 0, 0, 0, 0, 0, 0, 0, 0, 50, 12, 142
"c:\xampp\htdocs\mainProject\php\PHPMailer\test\PHPMailer\QuotedStringTest.php", "PHP", 37, 0, 0, 0, 0, 0, 0, 0, 0, 0, 0, 28, 6, 71
"c:\xampp\htdocs\mainProject\php\PHPMailer\test\PHPMailer\ReplyToGetSetClearTest.php", "PHP", 278, 0, 0, 0, 0, 0, 0, 0, 0, 0, 0, 132, 42, 452
"c:\xampp\htdocs\mainProject\php\PHPMailer\test\PHPMailer\SetErrorTest.php", "PHP", 89, 0, 0, 0, 0, 0, 0, 0, 0, 0, 0, 47, 19, 155
"c:\xampp\htdocs\mainProject\php\PHPMailer\test\PHPMailer\SetFromTest.php", "PHP", 121, 0, 0, 0, 0, 0, 0, 0, 0, 0, 0, 62, 20, 203
"c:\xampp\htdocs\mainProject\php\PHPMailer\test\PHPMailer\SetTest.php", "PHP", 37, 0, 0, 0, 0, 0, 0, 0, 0, 0, 0, 36, 9, 82
"c:\xampp\htdocs\mainProject\php\PHPMailer\test\PHPMailer\SetWordWrapTest.php", "PHP", 73, 0, 0, 0, 0, 0, 0, 0, 0, 0, 0, 33, 15, 121
"c:\xampp\htdocs\mainProject\php\PHPMailer\test\PHPMailer\Utf8CharBoundaryTest.php", "PHP", 30, 0, 0, 0, 0, 0, 0, 0, 0, 0, 0, 31, 6, 67
"c:\xampp\htdocs\mainProject\php\PHPMailer\test\PHPMailer\ValidateAddressCustomValidatorTest.php", "PHP", 58, 0, 0, 0, 0, 0, 0, 0, 0, 0, 0, 45, 14, 117
"c:\xampp\htdocs\mainProject\php\PHPMailer\test\PHPMailer\ValidateAddressTest.php", "PHP", 335, 0, 0, 0, 0, 0, 0, 0, 0, 0, 0, 127, 26, 488
"c:\xampp\htdocs\mainProject\php\PHPMailer\test\PHPMailer\WrapTextTest.php", "PHP", 90, 0, 0, 0, 0, 0, 0, 0, 0, 0, 0, 30, 6, 126
"c:\xampp\htdocs\mainProject\php\PHPMailer\test\PHPMailer\XMailerTest.php", "PHP", 42, 0, 0, 0, 0, 0, 0, 0, 0, 0, 0, 28, 6, 76
"c:\xampp\htdocs\mainProject\php\PHPMailer\test\POP3\PopBeforeSmtpTest.php", "PHP", 67, 0, 0, 0, 0, 0, 0, 0, 0, 0, 0, 55, 18, 140
"c:\xampp\htdocs\mainProject\php\PHPMailer\test\PreSendTestCase.php", "PHP", 16, 0, 0, 0, 0, 0, 0, 0, 0, 0, 0, 25, 6, 47
"c:\xampp\htdocs\mainProject\php\PHPMailer\test\Security\DenialOfServiceVectorsTest.php", "PHP", 18, 0, 0, 0, 0, 0, 0, 0, 0, 0, 0, 30, 7, 55
"c:\xampp\htdocs\mainProject\php\PHPMailer\test\SendTestCase.php", "PHP", 56, 0, 0, 0, 0, 0, 0, 0, 0, 0, 0, 58, 13, 127
"c:\xampp\htdocs\mainProject\php\PHPMailer\test\TestCase.php", "PHP", 201, 0, 0, 0, 0, 0, 0, 0, 0, 0, 0, 137, 49, 387
"c:\xampp\htdocs\mainProject\php\PHPMailer\test\fakefunctions.php", "PHP", 13, 0, 0, 0, 0, 0, 0, 0, 0, 0, 0, 0, 3, 16
"c:\xampp\htdocs\mainProject\php\PHPMailer\test\fakepopserver.sh", "Shell Script", 0, 0, 0, 0, 0, 0, 0, 94, 0, 0, 0, 13, 20, 127
"c:\xampp\htdocs\mainProject\php\PHPMailer\test\fakesendmail.sh", "Shell Script", 0, 0, 0, 0, 0, 0, 0, 15, 0, 0, 0, 4, 4, 23
"c:\xampp\htdocs\mainProject\php\PHPMailer\test\runfakepopserver.sh", "Shell Script", 0, 0, 0, 0, 0, 0, 0, 5, 0, 0, 0, 5, 4, 14
"c:\xampp\htdocs\mainProject\php\PHPMailer\test\testbootstrap-dist.php", "PHP", 7, 0, 0, 0, 0, 0, 0, 0, 0, 0, 0, 0, 2, 9
"c:\xampp\htdocs\mainProject\php\PHPMailer\test\validators.php", "PHP", 9, 0, 0, 0, 0, 0, 0, 0, 0, 0, 0, 1, 3, 13
"c:\xampp\htdocs\mainProject\php\addassignment.php", "PHP", 323, 0, 0, 0, 0, 0, 0, 0, 0, 0, 0, 5, 46, 374
"c:\xampp\htdocs\mainProject\php\addmarks.php", "PHP", 42, 0, 0, 0, 0, 0, 0, 0, 0, 0, 0, 1, 3, 46
"c:\xampp\htdocs\mainProject\php\addmessage.php", "PHP", 12, 0, 0, 0, 0, 0, 0, 0, 0, 0, 0, 0, 8, 20
"c:\xampp\htdocs\mainProject\php\addnotes.php", "PHP", 319, 0, 0, 0, 0, 0, 0, 0, 0, 0, 0, 5, 46, 370
"c:\xampp\htdocs\mainProject\php\addquestion.php", "PHP", 16, 0, 0, 0, 0, 0, 0, 0, 0, 0, 0, 0, 5, 21
"c:\xampp\htdocs\mainProject\php\addquiz.php", "PHP", 15, 0, 0, 0, 0, 0, 0, 0, 0, 0, 0, 0, 6, 21
"c:\xampp\htdocs\mainProject\php\addresources.php", "PHP", 25, 0, 0, 0, 0, 0, 0, 0, 0, 0, 0, 0, 7, 32
"c:\xampp\htdocs\mainProject\php\addviaexcelpro.php", "PHP", 40, 0, 0, 0, 0, 0, 0, 0, 0, 0, 0, 0, 9, 49
"c:\xampp\htdocs\mainProject\php\announcement.php", "PHP", 12, 0, 0, 0, 0, 0, 0, 0, 0, 0, 0, 0, 6, 18
"c:\xampp\htdocs\mainProject\php\attProcess.php", "PHP", 32, 0, 0, 0, 0, 0, 0, 0, 0, 0, 0, 0, 9, 41
"c:\xampp\htdocs\mainProject\php\attempted.php", "PHP", 14, 0, 0, 0, 0, 0, 0, 0, 0, 0, 0, 0, 1, 15
"c:\xampp\htdocs\mainProject\php\attendance.php", "PHP", 33, 0, 0, 0, 0, 0, 0, 0, 0, 0, 0, 0, 8, 41
"c:\xampp\htdocs\mainProject\php\checkemailexist.php", "PHP", 24, 0, 0, 0, 0, 0, 0, 0, 0, 0, 0, 1, 10, 35
"c:\xampp\htdocs\mainProject\php\checkemailexist_teacher.php", "PHP", 18, 0, 0, 0, 0, 0, 0, 0, 0, 0, 0, 0, 4, 22
"c:\xampp\htdocs\mainProject\php\config.php", "PHP", 9, 0, 0, 0, 0, 0, 0, 0, 0, 0, 0, 1, 3, 13
"c:\xampp\htdocs\mainProject\php\createClass.php", "PHP", 310, 0, 0, 0, 0, 0, 0, 0, 0, 0, 0, 5, 44, 359
"c:\xampp\htdocs\mainProject\php\createSubject.php", "PHP", 310, 0, 0, 0, 0, 0, 0, 0, 0, 0, 0, 5, 44, 359
"c:\xampp\htdocs\mainProject\php\delClass.php", "PHP", 9, 0, 0, 0, 0, 0, 0, 0, 0, 0, 0, 0, 2, 11
"c:\xampp\htdocs\mainProject\php\delNote.php", "PHP", 16, 0, 0, 0, 0, 0, 0, 0, 0, 0, 0, 0, 6, 22
"c:\xampp\htdocs\mainProject\php\delSubject.php", "PHP", 9, 0, 0, 0, 0, 0, 0, 0, 0, 0, 0, 0, 2, 11
"c:\xampp\htdocs\mainProject\php\delassignment.php", "PHP", 19, 0, 0, 0, 0, 0, 0, 0, 0, 0, 0, 0, 6, 25
"c:\xampp\htdocs\mainProject\php\deleteteacher.php", "PHP", 10, 0, 0, 0, 0, 0, 0, 0, 0, 0, 0, 0, 2, 12
"c:\xampp\htdocs\mainProject\php\delquestion.php", "PHP", 9, 0, 0, 0, 0, 0, 0, 0, 0, 0, 0, 0, 2, 11
"c:\xampp\htdocs\mainProject\php\delquiz.php", "PHP", 9, 0, 0, 0, 0, 0, 0, 0, 0, 0, 0, 0, 2, 11
"c:\xampp\htdocs\mainProject\php\delresource.php", "PHP", 18, 0, 0, 0, 0, 0, 0, 0, 0, 0, 0, 0, 6, 24
"c:\xampp\htdocs\mainProject\php\delstudent.php", "PHP", 10, 0, 0, 0, 0, 0, 0, 0, 0, 0, 0, 0, 3, 13
"c:\xampp\htdocs\mainProject\php\fetch_data.php", "PHP", 15, 0, 0, 0, 0, 0, 0, 0, 0, 0, 0, 2, 3, 20
"c:\xampp\htdocs\mainProject\php\fetch_data_single.php", "PHP", 15, 0, 0, 0, 0, 0, 0, 0, 0, 0, 0, 2, 4, 21
"c:\xampp\htdocs\mainProject\php\getstudentdata.php", "PHP", 67, 0, 0, 0, 0, 0, 0, 0, 0, 0, 0, 0, 8, 75
"c:\xampp\htdocs\mainProject\php\getteacherdata.php", "PHP", 58, 0, 0, 0, 0, 0, 0, 0, 0, 0, 0, 0, 10, 68
"c:\xampp\htdocs\mainProject\php\insert_chat.php", "PHP", 13, 0, 0, 0, 0, 0, 0, 0, 0, 0, 0, 0, 3, 16
"c:\xampp\htdocs\mainProject\php\login.php", "PHP", 40, 0, 0, 0, 0, 0, 0, 0, 0, 0, 0, 0, 9, 49
"c:\xampp\htdocs\mainProject\php\logout.php", "PHP", 13, 0, 0, 0, 0, 0, 0, 0, 0, 0, 0, 0, 3, 16
"c:\xampp\htdocs\mainProject\php\publish.php", "PHP", 9, 0, 0, 0, 0, 0, 0, 0, 0, 0, 0, 0, 1, 10
"c:\xampp\htdocs\mainProject\php\regStudentPro.php", "PHP", 19, 0, 0, 0, 0, 0, 0, 0, 0, 0, 0, 0, 5, 24
"c:\xampp\htdocs\mainProject\php\regTeacherPro.php", "PHP", 299, 0, 0, 0, 0, 0, 0, 0, 0, 0, 0, 4, 43, 346
"c:\xampp\htdocs\mainProject\php\result.php", "PHP", 34, 0, 0, 0, 0, 0, 0, 0, 0, 0, 0, 0, 5, 39
"c:\xampp\htdocs\mainProject\php\s_message.php", "PHP", 13, 0, 0, 0, 0, 0, 0, 0, 0, 0, 0, 0, 6, 19
"c:\xampp\htdocs\mainProject\php\signup.php", "PHP", 13, 0, 0, 0, 0, 0, 0, 0, 0, 0, 0, 0, 3, 16
"c:\xampp\htdocs\mainProject\php\style.css", "CSS", 0, 0, 0, 0, 212, 0, 0, 0, 0, 0, 0, 21, 32, 265
"c:\xampp\htdocs\mainProject\php\t_attProcess.php", "PHP", 32, 0, 0, 0, 0, 0, 0, 0, 0, 0, 0, 0, 9, 41
"c:\xampp\htdocs\mainProject\php\update_profile.php", "PHP", 17, 0, 0, 0, 0, 0, 0, 0, 0, 0, 0, 0, 5, 22
"c:\xampp\htdocs\mainProject\php\update_profile_st.php", "PHP", 20, 0, 0, 0, 0, 0, 0, 0, 0, 0, 0, 0, 5, 25
"c:\xampp\htdocs\mainProject\php\updateassignment.php", "PHP", 27, 0, 0, 0, 0, 0, 0, 0, 0, 0, 0, 0, 5, 32
"c:\xampp\htdocs\mainProject\php\updateatt.php", "PHP", 15, 0, 0, 0, 0, 0, 0, 0, 0, 0, 0, 0, 1, 16
"c:\xampp\htdocs\mainProject\php\updateattendance.php", "PHP", 15, 0, 0, 0, 0, 0, 0, 0, 0, 0, 0, 0, 1, 16
"c:\xampp\htdocs\mainProject\php\updateclass.php", "PHP", 12, 0, 0, 0, 0, 0, 0, 0, 0, 0, 0, 0, 2, 14
"c:\xampp\htdocs\mainProject\php\updatequestion.php", "PHP", 15, 0, 0, 0, 0, 0, 0, 0, 0, 0, 0, 0, 2, 17
"c:\xampp\htdocs\mainProject\php\updatequiz.php", "PHP", 14, 0, 0, 0, 0, 0, 0, 0, 0, 0, 0, 0, 2, 16
"c:\xampp\htdocs\mainProject\php\updatestudent.php", "PHP", 15, 0, 0, 0, 0, 0, 0, 0, 0, 0, 0, 0, 1, 16
"c:\xampp\htdocs\mainProject\php\updatesubject.php", "PHP", 10, 0, 0, 0, 0, 0, 0, 0, 0, 0, 0, 0, 3, 13
"c:\xampp\htdocs\mainProject\php\updateteacher.php", "PHP", 12, 0, 0, 0, 0, 0, 0, 0, 0, 0, 0, 0, 2, 14
"c:\xampp\htdocs\mainProject\php\uploadAssignment.php", "PHP", 41, 0, 0, 0, 0, 0, 0, 0, 0, 0, 0, 0, 7, 48
"Total", "-", 29350, 172706, 411, 78, 22240, 1275, 8197, 116, 230, 9, 235, 29162, 34054, 298063